Sell_Min,Sell_Median,Sell_Average,Sell_1st Percentile,Sell_Standard Deviation,Buy_Max,Buy_Median,Buy_Average,Buy_99th Percentile,Buy_Standard Deviation,Item,TypeID,Region,Timestamp,Sell_Buy_Spread,Sell_Buy_%,Daily_Change_%,Volatility_7d
459.5,525.0,624.93,459.6,1124.16,405.2,1.15,7.66,405.0,147.9,Oxygen,3683,Jita,2025-10-21 19:08:33,54.30000000000001,13.40078973346496,,
21410.0,22890.0,22623.16,21410.0,1361.63,19700.0,0.01,0.01,0.15,886.41,Oxygen Fuel Block,4312,Jita,2025-10-21 19:08:33,1710.0,8.68020304568528,,
21310.0,21460.0,21982.68,21310.0,916.2,20240.0,0.01,0.01,0.15,1138.6,Nitrogen Fuel Block,4051,Jita,2025-10-21 19:08:33,1070.0,5.286561264822135,,
21350.0,22000.0,22188.89,21350.0,897.7,19480.0,0.01,0.01,0.15,1224.37,Hydrogen Fuel Block,4246,Jita,2025-10-21 19:08:33,1870.0,9.599589322381929,,
24120.0,24880.0,25567.03,24130.0,924268.26,23490.0,0.01,0.01,0.01,1925.44,Helium Fuel Block,4247,Jita,2025-10-21 19:08:33,630.0,2.681992337164751,,
848.9,880.0,896.25,849.0,63.48,794.5,0.11,1.02,792.8,328.88,Nitrogen Isotopes,17888,Jita,2025-10-21 19:08:33,54.39999999999998,6.847073631214598,,
754.5,769.9,809.68,754.5,143.21,720.3,80.0,62.69,720.1,322.53,Hydrogen Isotopes,17889,Jita,2025-10-21 19:08:33,34.200000000000045,4.7480216576426555,,
1125.0,1125.0,1200.55,1125.0,125.42,1088.0,967.1,769.66,1088.0,261.36,Helium Isotopes,16274,Jita,2025-10-21 19:08:33,37.0,3.4007352941176467,,
895.0,989.9,1107.19,903.5,337.16,865.7,0.15,1.05,865.1,346.69,Oxygen Isotopes,17887,Jita,2025-10-21 19:08:33,29.299999999999955,3.3845442994108756,,
116.9,124.0,127.06,116.9,3245.23,107.0,12.07,23.14,107.0,38.04,Heavy Water,16272,Jita,2025-10-21 19:08:33,9.900000000000006,9.252336448598136,,
165.0,175.0,185.6,173.0,1452.94,140.4,119.4,58.82,140.0,55.5,Liquid Ozone,16273,Jita,2025-10-21 19:08:33,24.599999999999994,17.521367521367516,,
88800.0,93000.0,93706.49,89000.0,3756.73,83300.0,15.15,484.77,83200.0,30543.98,Robotics,9848,Jita,2025-10-21 19:08:33,5500.0,6.602641056422569,,
12110.0,12570.0,12516.5,12120.0,345.41,11560.0,1.15,24.65,11560.0,4352.34,Mechanical Parts,3689,Jita,2025-10-21 19:08:33,550.0,4.757785467128028,,
13820.0,14200.0,15367.72,13820.0,10235.87,13590.0,1.15,4.04,13590.0,4811.72,Enriched Uranium,44,Jita,2025-10-21 19:08:33,230.0,1.692420897718911,,
12120.0,14000.0,14031.36,12120.0,8517.8,11670.0,29.5,511.68,11670.0,5472.02,Coolant,9832,Jita,2025-10-21 19:08:33,450.0,3.8560411311053984,,
5200.0,5339.0,5825.97,5319.0,181362.18,4899.0,4400.0,4086.05,4899.0,508.76,Strontium Clathrates,16275,Jita,2025-10-21 19:08:33,301.0,6.144111043070014,,
754.5,775.0,810.36,754.8,143.89,720.3,80.0,62.69,720.1,322.53,Hydrogen Isotopes,17889,Jita,2025-10-21 19:32:53,34.200000000000045,4.7480216576426555,0.0,0.0
21390.0,22890.0,22621.29,21410.0,1361.57,19700.0,0.01,0.01,0.15,886.41,Oxygen Fuel Block,4312,Jita,2025-10-21 19:32:53,1690.0,8.578680203045685,-0.09341429238673982,14.142135623730951
21310.0,21460.0,22014.32,21320.0,924.78,20050.0,0.01,0.01,0.15,1096.08,Nitrogen Fuel Block,4051,Jita,2025-10-21 19:32:53,1260.0,6.28428927680798,0.0,0.0
21340.0,22000.0,22186.96,21350.0,897.63,19480.0,0.01,0.01,0.15,1224.37,Hydrogen Fuel Block,4246,Jita,2025-10-21 19:32:53,1860.0,9.548254620123203,-0.04683840749414303,7.0710678118654755
24110.0,24880.0,25552.07,24120.0,919655.83,23490.0,0.01,0.01,0.01,1925.44,Helium Fuel Block,4247,Jita,2025-10-21 19:32:53,620.0,2.6394210302256282,-0.04145936981757581,7.0710678118654755
848.9,880.0,896.26,849.0,63.48,794.4,0.11,1.01,792.8,328.23,Nitrogen Isotopes,17888,Jita,2025-10-21 19:32:53,54.5,6.860523665659618,0.0,0.0
1125.0,1125.0,1206.18,1125.0,127.86,1088.0,967.1,769.5,1088.0,261.39,Helium Isotopes,16274,Jita,2025-10-21 19:32:53,37.0,3.4007352941176467,0.0,0.0
903.4,989.9,1108.35,903.4,337.57,865.8,0.15,1.06,865.1,346.81,Oxygen Isotopes,17887,Jita,2025-10-21 19:32:53,37.60000000000002,4.342804342804345,0.9385474860335252,5.939696961966943
116.8,123.9,127.04,116.9,3242.63,107.1,12.07,23.16,107.0,38.07,Heavy Water,16272,Jita,2025-10-21 19:32:53,9.700000000000003,9.056956115779649,-0.08554319931566301,0.07071067811865576
165.0,175.0,185.6,173.0,1453.06,140.5,119.4,58.95,140.2,55.51,Liquid Ozone,16273,Jita,2025-10-21 19:32:53,24.5,17.437722419928825,0.0,0.0
89000.0,93520.0,93725.5,89000.0,3751.94,83300.0,15.15,484.77,83200.0,30543.98,Robotics,9848,Jita,2025-10-21 19:32:53,5700.0,6.8427370948379345,0.22522522522523403,141.4213562373095
12110.0,12570.0,12519.04,12130.0,344.96,11560.0,1.15,24.65,11560.0,4352.34,Mechanical Parts,3689,Jita,2025-10-21 19:32:53,550.0,4.757785467128028,0.0,0.0
13810.0,14200.0,15367.65,13820.0,10235.66,13590.0,1.15,4.04,13590.0,4811.72,Enriched Uranium,44,Jita,2025-10-21 19:32:53,220.0,1.6188373804267846,-0.07235890014472002,7.0710678118654755
12110.0,14000.0,14009.5,12110.0,8476.3,11670.0,29.5,511.68,11670.0,5472.02,Coolant,9832,Jita,2025-10-21 19:32:53,440.0,3.7703513281919454,-0.08250825082508628,7.0710678118654755
450.0,525.0,623.29,459.5,1120.1,405.0,1.15,7.47,400.1,146.43,Oxygen,3683,Jita,2025-10-21 19:32:53,45.0,11.11111111111111,-2.0674646354733373,6.7175144212722016
5319.0,5339.0,5826.83,5319.0,181484.52,4899.0,4400.0,4086.05,4899.0,508.76,Strontium Clathrates,16275,Jita,2025-10-21 19:32:53,420.0,8.573178199632578,2.288461538461539,84.14570696119915
21810.0,23110.0,23398.05,21810.0,1405.52,19800.0,0.01,0.01,0.15,1235.69,Oxygen Fuel Block,4312,Jita,2025-10-23 19:00:25,2010.0,10.151515151515152,1.9635343618513268,236.92474191889096
21170.0,21460.0,21913.01,21170.0,880.45,20340.0,0.01,0.01,0.15,983.7,Nitrogen Fuel Block,4051,Jita,2025-10-23 19:00:25,830.0,4.08062930186824,-0.6569685593618035,80.82903768654708
22330.0,22360.0,22700.43,22330.0,679.7,21000.0,0.01,0.01,0.15,1368.94,Hydrogen Fuel Block,4246,Jita,2025-10-23 19:00:25,1330.0,6.333333333333334,4.6391752577319645,568.7119950672168
23800.0,24760.0,25745.67,23800.0,1063719.44,23790.0,0.01,0.01,0.01,1844.31,Helium Fuel Block,4247,Jita,2025-10-23 19:00:25,10.0,0.04203446826397646,-1.2857735379510626,181.93405398660252
880.0,947.5,1078.3,880.0,328.98,871.1,0.15,1.04,871.1,346.36,Oxygen Isotopes,17887,Jita,2025-10-23 19:00:25,8.899999999999977,1.021696705315116,-2.590214744299313,11.85411321018998
829.3,879.9,883.53,829.3,61.56,791.0,0.11,1.63,791.0,351.43,Nitrogen Isotopes,17888,Jita,2025-10-23 19:00:25,38.299999999999955,4.841972187104925,-2.3088703027447366,11.316065276116694
763.0,793.6,841.44,764.0,168.57,705.0,80.0,46.95,705.0,310.28,Hydrogen Isotopes,17889,Jita,2025-10-23 19:00:25,58.0,8.226950354609928,1.1265738899933764,4.907477288111803
1050.0,1238.0,1217.88,1050.0,144.65,980.0,861.2,589.28,980.0,305.99,Helium Isotopes,16274,Jita,2025-10-23 19:00:25,70.0,7.142857142857142,-6.666666666666665,43.30127018922193
4899.0,5500.0,5797.88,5000.0,184714.4,4803.0,4400.0,4039.21,4803.0,485.42,Strontium Clathrates,16275,Jita,2025-10-23 19:00:25,96.0,1.9987507807620237,-7.896221094190636,216.47247708042073
159.9,175.0,185.01,165.0,1441.62,152.3,132.0,69.14,151.0,55.44,Liquid Ozone,16273,Jita,2025-10-23 19:00:25,7.599999999999994,4.990151017728164,-3.0909090909090886,2.9444863728670922
90210.0,92490.0,93555.96,90230.0,3659.56,86230.0,9249.0,872.46,86230.0,35712.95,Robotics,9848,Jita,2025-10-23 19:00:25,3980.0,4.615563029108198,1.359550561797751,762.9110913686667
12170.0,12570.0,12575.25,12170.0,332.48,11720.0,1350.0,115.0,11720.0,5320.55,Mechanical Parts,3689,Jita,2025-10-23 19:00:25,450.0,3.839590443686007,0.49545829892649884,34.64101615137755
14090.0,14900.0,15796.02,14100.0,11551.45,13830.0,1.15,7.29,13820.0,5556.27,Enriched Uranium,44,Jita,2025-10-23 19:00:25,260.0,1.8799710773680405,2.0275162925416312,158.85003409925167
13310.0,14000.0,14099.53,13310.0,8629.02,12400.0,11100.0,1219.88,12310.0,5706.69,Coolant,9832,Jita,2025-10-23 19:00:25,910.0,7.338709677419354,9.909165978530133,689.9516891299947
437.4,519.9,578.14,437.4,1014.62,404.3,1.15,10.95,404.3,165.59,Oxygen,3683,Jita,2025-10-23 19:00:25,33.099999999999966,8.186989859015574,-2.8000000000000025,11.086177579911547
115.5,121.1,126.69,115.8,3200.89,115.4,12.07,22.96,107.6,37.87,Heavy Water,16272,Jita,2025-10-23 19:00:25,0.09999999999999432,0.08665511265164152,-1.1130136986301387,0.7810249675906602
721.0,781.5,821.63,721.0,158.22,696.0,80.0,43.87,696.0,300.81,Hydrogen Isotopes,17889,Jita,2025-10-25 18:53:02,25.0,3.5919540229885056,-5.5045871559633035,18.603315116756303
22860.0,23440.0,24164.27,22860.0,1180.44,20640.0,0.01,0.01,0.15,1494.4,Oxygen Fuel Block,4312,Jita,2025-10-25 18:53:02,2220.0,10.755813953488373,4.814305364511684,689.3656504352384
21380.0,22500.0,22530.68,21430.0,912.76,20590.0,0.01,0.01,0.15,1192.15,Nitrogen Fuel Block,4051,Jita,2025-10-25 18:53:02,790.0,3.8368139873725107,0.9919697685403905,88.08140174482529
22050.0,22370.0,22684.59,22050.0,776.4,20010.0,0.01,0.01,0.15,1745.53,Hydrogen Fuel Block,4246,Jita,2025-10-25 18:53:02,2040.0,10.194902548725636,-1.253918495297801,501.09047752543376
24230.0,24500.0,25713.87,24230.0,1046125.21,23650.0,0.01,0.01,0.01,1515.06,Helium Fuel Block,4247,Jita,2025-10-25 18:53:02,580.0,2.452431289640592,1.8067226890756238,184.84227510682362
837.2,880.0,881.01,837.2,41.0,762.0,0.11,1.1,760.5,321.47,Nitrogen Isotopes,17888,Jita,2025-10-25 18:53:02,75.20000000000005,9.86876640419948,0.9526106354757147,9.593878256471697
1215.0,1218.0,1280.59,1215.0,83.11,1000.0,861.3,635.79,1000.0,289.33,Helium Isotopes,16274,Jita,2025-10-25 18:53:02,215.0,21.5,15.714285714285726,67.5
896.4,934.8,1070.04,896.4,325.5,878.0,0.15,1.19,876.5,356.99,Oxygen Isotopes,17887,Jita,2025-10-25 18:53:02,18.399999999999977,2.095671981776763,1.8636363636363562,9.844795579391187
109.4,121.1,125.69,109.5,3094.59,99.67,12.07,23.67,99.66,37.31,Heavy Water,16272,Jita,2025-10-25 18:53:02,9.730000000000004,9.762215310524736,-5.281385281385276,3.557620927904855
409.9,519.9,576.53,427.0,1019.75,340.1,1.15,6.83,340.1,140.07,Oxygen,3683,Jita,2025-10-25 18:53:02,69.79999999999995,20.52337547780063,-6.28715134887975,21.52874048026653
13160.0,13680.0,13917.39,13190.0,7759.48,12580.0,29.5,573.85,12580.0,5758.56,Coolant,9832,Jita,2025-10-25 18:53:02,580.0,4.610492845786964,-1.126972201352372,649.538297562199
14130.0,14900.0,15887.29,14140.0,11855.0,13290.0,1.15,2.74,13290.0,4208.82,Enriched Uranium,44,Jita,2025-10-25 18:53:02,840.0,6.320541760722348,0.2838892831795503,171.1480840286176
5000.0,5000.0,6277.91,5000.0,80263.86,4451.0,4400.0,4075.61,4451.0,470.24,Strontium Clathrates,16275,Jita,2025-10-25 18:53:02,549.0,12.334306897326444,2.0616452337211655,189.98333260227494
89350.0,92380.0,93073.36,89390.0,3743.63,86010.0,15.15,258.84,83330.0,21565.58,Robotics,9848,Jita,2025-10-25 18:53:02,3340.0,3.883269387280549,-0.9533311162842284,622.9499712389949
145.0,175.0,183.6,145.0,1412.34,139.9,132.0,64.8,139.9,55.5,Liquid Ozone,16273,Jita,2025-10-25 18:53:02,5.099999999999994,3.645461043602569,-9.318323952470298,9.460576092395229
12000.0,12630.0,12680.3,12250.0,297.86,11900.0,1.15,36.75,11730.0,4719.0,Mechanical Parts,3689,Jita,2025-10-25 18:53:02,100.0,0.8403361344537815,-1.396877567789645,70.88723439378913
837.2,880.0,881.06,837.2,40.99,780.4,0.11,1.13,762.0,323.05,Nitrogen Isotopes,17888,Jita,2025-10-25 19:00:46,56.80000000000007,7.278318810866232,0.0,8.487343518439696
22860.0,23440.0,24198.56,22860.0,1175.8,20640.0,0.01,0.01,0.15,1494.4,Oxygen Fuel Block,4312,Jita,2025-10-25 19:00:46,2220.0,10.755813953488373,0.0,743.928760030152
21460.0,23000.0,22583.25,21460.0,900.59,20590.0,0.01,0.01,0.15,1188.68,Nitrogen Fuel Block,4051,Jita,2025-10-25 19:00:46,870.0,4.225352112676056,0.374181478016844,106.91117808723268
22040.0,22370.0,22673.02,22040.0,774.36,20010.0,0.01,0.01,0.15,1745.53,Hydrogen Fuel Block,4246,Jita,2025-10-25 19:00:46,2030.0,10.144927536231885,-0.045351473922905505,450.7438296859985
24230.0,24500.0,25713.87,24230.0,1046125.21,23650.0,0.01,0.01,0.01,1515.06,Helium Fuel Block,4247,Jita,2025-10-25 19:00:46,580.0,2.452431289640592,0.0,176.26684316683045
896.4,934.8,1070.12,896.4,325.54,878.1,0.15,1.19,876.5,357.0,Oxygen Isotopes,17887,Jita,2025-10-25 19:00:46,18.299999999999955,2.084045097369315,0.0,8.610923295442836
721.0,781.5,822.03,721.0,158.37,696.1,80.0,43.85,696.0,300.79,Hydrogen Isotopes,17889,Jita,2025-10-25 19:00:46,24.899999999999977,3.5770722597327933,0.0,20.200866318056754
1215.0,1218.0,1280.65,1216.0,83.12,1002.0,861.3,636.26,1000.0,289.22,Helium Isotopes,16274,Jita,2025-10-25 19:00:46,213.0,21.25748502994012,0.0,70.03570517957252
4453.0,5000.0,6280.29,5000.0,80330.6,4452.0,4400.0,4075.54,4451.0,470.32,Strontium Clathrates,16275,Jita,2025-10-25 19:00:46,1.0,0.022461814914645106,-10.940000000000005,334.60528985657106
109.5,121.1,125.77,109.5,3101.87,99.68,12.07,23.84,99.67,37.47,Heavy Water,16272,Jita,2025-10-25 19:00:46,9.819999999999993,9.85152487961476,0.0914076782449591,3.846686886139803
145.0,175.0,183.6,145.0,1412.34,139.9,132.0,64.8,139.9,55.5,Liquid Ozone,16273,Jita,2025-10-25 19:00:46,5.099999999999994,3.645461043602569,0.0,10.237284796272899
89350.0,92380.0,93068.48,89390.0,3743.69,86010.0,15.15,258.84,83330.0,21565.58,Robotics,9848,Jita,2025-10-25 19:00:46,3340.0,3.883269387280549,0.0,539.5090360689044
11990.0,12580.0,12653.49,11990.0,320.23,11900.0,1.15,36.72,11730.0,4718.36,Mechanical Parts,3689,Jita,2025-10-25 19:00:46,90.0,0.7563025210084033,-0.08333333333333526,77.9743547584717
14120.0,14900.0,15881.61,14140.0,11837.81,13290.0,1.15,2.74,13290.0,4208.82,Enriched Uranium,44,Jita,2025-10-25 19:00:46,830.0,6.245297215951844,-0.07077140835102247,164.10362579784783
13100.0,13680.0,13916.58,13100.0,7764.81,12580.0,29.5,573.85,12580.0,5758.56,Coolant,9832,Jita,2025-10-25 19:00:46,520.0,4.133545310015898,-0.455927051671734,593.7592104548777
409.9,519.9,576.53,427.0,1019.75,340.2,1.15,7.37,340.2,142.73,Oxygen,3683,Jita,2025-10-25 19:00:46,69.69999999999999,20.48794826572604,0.0,22.788440051921064
21460.0,23000.0,22583.25,21460.0,900.59,20590.0,0.01,0.01,0.15,1188.68,Nitrogen Fuel Block,4051,Jita,2025-10-25 19:13:00,870.0,4.225352112676056,0.0,110.16654059498595
22040.0,22370.0,22673.02,22040.0,774.36,20010.0,0.01,0.01,0.15,1745.53,Hydrogen Fuel Block,4246,Jita,2025-10-25 19:13:00,2030.0,10.144927536231885,0.0,412.8639808298455
24230.0,24500.0,25713.87,24230.0,1046125.21,23650.0,0.01,0.01,0.01,1515.06,Helium Fuel Block,4247,Jita,2025-10-25 19:13:00,580.0,2.452431289640592,0.0,166.61332479726823
896.4,934.8,1070.12,896.4,325.54,878.1,0.15,1.19,876.5,357.0,Oxygen Isotopes,17887,Jita,2025-10-25 19:13:00,18.299999999999955,2.084045097369315,0.0,7.752160989040416
837.2,880.0,881.06,837.2,40.99,780.4,0.11,1.13,762.0,323.05,Nitrogen Isotopes,17888,Jita,2025-10-25 19:13:00,56.80000000000007,7.278318810866232,0.0,7.696081253902336
721.0,781.5,822.03,721.0,158.37,696.1,80.0,43.85,696.0,300.79,Hydrogen Isotopes,17889,Jita,2025-10-25 19:13:00,24.899999999999977,3.5770722597327933,0.0,20.141168453361047
1215.0,1218.0,1280.65,1216.0,83.12,1002.0,861.3,636.26,1000.0,289.22,Helium Isotopes,16274,Jita,2025-10-25 19:13:00,213.0,21.25748502994012,0.0,68.68405928597988
22860.0,23440.0,24198.56,22860.0,1175.8,20640.0,0.01,0.01,0.15,1494.4,Oxygen Fuel Block,4312,Jita,2025-10-25 19:13:00,2220.0,10.755813953488373,0.0,740.1463819182436
4453.0,5000.0,6280.29,5000.0,80330.6,4452.0,4400.0,4075.54,4451.0,470.32,Strontium Clathrates,16275,Jita,2025-10-25 19:13:00,1.0,0.022461814914645106,0.0,367.2103847478534
145.0,175.0,183.6,145.0,1412.34,139.9,132.0,64.8,139.9,55.5,Liquid Ozone,16273,Jita,2025-10-25 19:13:00,5.099999999999994,3.645461043602569,0.0,10.194851641882792
89350.0,92380.0,93068.48,89390.0,3743.69,86010.0,15.15,258.84,83330.0,21565.58,Robotics,9848,Jita,2025-10-25 19:13:00,3340.0,3.883269387280549,0.0,482.56260388333595
11990.0,12580.0,12653.49,11990.0,320.23,11900.0,1.15,36.72,11730.0,4718.36,Mechanical Parts,3689,Jita,2025-10-25 19:13:00,90.0,0.7563025210084033,0.0,78.08115436305137
14120.0,14900.0,15881.61,14140.0,11837.81,13290.0,1.15,2.74,13290.0,4208.82,Enriched Uranium,44,Jita,2025-10-25 19:13:00,830.0,6.245297215951844,0.0,155.53134732265406
13100.0,13680.0,13916.58,13100.0,7764.81,12580.0,29.5,573.85,12580.0,5758.56,Coolant,9832,Jita,2025-10-25 19:13:00,520.0,4.133545310015898,0.0,548.9140794939282
409.9,519.9,576.53,427.0,1019.75,340.2,1.15,7.37,340.2,142.73,Oxygen,3683,Jita,2025-10-25 19:13:00,69.69999999999999,20.48794826572604,0.0,22.517163823773778
109.5,121.1,125.77,109.5,3101.87,99.68,12.07,23.84,99.67,37.47,Heavy Water,16272,Jita,2025-10-25 19:13:00,9.819999999999993,9.85152487961476,0.0,3.8297084310253435
22850.0,23440.0,24222.15,22860.0,1172.11,21010.0,0.01,0.01,0.15,1479.5,Oxygen Fuel Block,4312,Jita,2025-10-27 02:04:22,1840.0,8.757734412184675,-0.04374453193350947,719.1529408831981
21820.0,23000.0,22801.23,21850.0,817.03,19830.0,0.01,0.01,0.15,981.87,Nitrogen Fuel Block,4051,Jita,2025-10-27 02:04:22,1990.0,10.035300050428644,1.6775396085740857,204.683262860543
21950.0,22370.0,22498.53,22000.0,660.36,19800.0,0.01,0.01,0.15,1574.96,Hydrogen Fuel Block,4246,Jita,2025-10-27 02:04:22,2150.0,10.85858585858586,-0.4083484573502716,378.4806719604311
24230.0,24760.0,25809.22,24230.0,1078132.03,22450.0,0.01,0.01,0.01,1422.03,Helium Fuel Block,4247,Jita,2025-10-27 02:04:22,1780.0,7.928730512249444,0.0,157.67658279498815
896.7,947.5,1077.26,896.8,329.02,882.0,0.15,1.26,882.0,361.13,Oxygen Isotopes,17887,Jita,2025-10-27 02:04:22,14.700000000000045,1.6666666666666718,0.03346720214190135,7.121095421351977
840.9,880.0,885.73,840.9,40.46,785.4,0.11,2.24,785.4,353.67,Nitrogen Isotopes,17888,Jita,2025-10-27 02:04:22,55.5,7.066462948815891,0.44194935499282106,7.038195114956014
758.8,793.6,842.0,761.0,170.05,695.0,80.0,62.69,695.0,312.31,Hydrogen Isotopes,17889,Jita,2025-10-27 02:04:22,63.799999999999955,9.179856115107906,5.242718446601935,19.827314012553
1209.0,1217.0,1256.72,1214.0,74.33,990.0,920.2,676.7,990.0,275.65,Helium Isotopes,16274,Jita,2025-10-27 02:04:22,219.0,22.12121212121212,-0.4938271604938316,65.65167825077175
114.9,121.1,126.57,115.0,3189.52,100.6,12.07,26.64,100.4,39.69,Heavy Water,16272,Jita,2025-10-27 02:04:22,14.300000000000011,14.214711729622278,4.93150684931507,3.5741798926133885
154.6,175.0,184.64,165.0,1430.13,140.0,132.0,65.67,140.0,55.44,Liquid Ozone,16273,Jita,2025-10-27 02:04:22,14.599999999999994,10.428571428571425,6.620689655172418,9.308137760660227
89430.0,92410.0,93260.97,89440.0,3733.56,86340.0,15.15,275.27,86010.0,23041.73,Robotics,9848,Jita,2025-10-27 02:04:22,3090.0,3.5788742182070883,0.08953553441521933,441.7335978036656
12500.0,12700.0,12792.03,12500.0,234.08,11730.0,1.15,35.29,11730.0,4684.69,Mechanical Parts,3689,Jita,2025-10-27 02:04:22,770.0,6.564364876385337,4.253544620517102,180.35678925000715
14580.0,15960.0,17080.06,14580.0,14976.17,13290.0,1.15,2.74,13290.0,4208.82,Enriched Uranium,44,Jita,2025-10-27 02:04:22,1290.0,9.706546275395034,3.2577903682719622,256.4408406668188
13180.0,13990.0,13995.34,13200.0,8146.01,12270.0,29.5,491.88,12270.0,5689.49,Coolant,9832,Jita,2025-10-27 02:04:22,910.0,7.416462917685411,0.6106870229007688,519.564836230878
409.8,519.9,574.7,409.8,1018.73,345.2,1.15,8.53,345.0,147.41,Oxygen,3683,Jita,2025-10-27 02:04:22,64.60000000000002,18.713789107763624,-0.02439619419369876,21.85373456152778
4950.0,5000.0,6273.23,4950.0,80175.44,4467.0,4400.0,4089.44,4467.0,467.87,Strontium Clathrates,16275,Jita,2025-10-27 02:04:22,483.0,10.81262592343855,11.161015046036372,336.0514416403705
758.8,793.6,842.0,761.0,170.05,695.0,80.0,62.69,695.0,312.31,Hydrogen Isotopes,17889,Jita,2025-10-27 22:33:43,63.799999999999955,9.179856115107906,0.0,20.340143278045705
22850.0,23440.0,24222.15,22860.0,1172.11,21010.0,0.01,0.01,0.15,1479.5,Oxygen Fuel Block,4312,Jita,2025-10-27 22:33:43,1840.0,8.757734412184675,0.0,624.7590011546946
21820.0,23000.0,22801.23,21850.0,817.03,19830.0,0.01,0.01,0.15,981.87,Nitrogen Fuel Block,4051,Jita,2025-10-27 22:33:43,1990.0,10.035300050428644,0.0,247.14560967363366
21950.0,22370.0,22498.53,22000.0,660.36,19800.0,0.01,0.01,0.15,1574.96,Hydrogen Fuel Block,4246,Jita,2025-10-27 22:33:43,2150.0,10.85858585858586,0.0,300.6500892906524
24230.0,24760.0,25809.22,24230.0,1078132.03,22450.0,0.01,0.01,0.01,1422.03,Helium Fuel Block,4247,Jita,2025-10-27 22:33:43,1780.0,7.928730512249444,0.0,161.28944700223153
896.7,947.5,1077.26,896.8,329.02,882.0,0.15,1.26,882.0,361.13,Oxygen Isotopes,17887,Jita,2025-10-27 22:33:43,14.700000000000045,1.6666666666666718,0.0,7.153986567608577
840.9,880.0,885.73,840.9,40.46,785.4,0.11,2.24,785.4,353.67,Nitrogen Isotopes,17888,Jita,2025-10-27 22:33:43,55.5,7.066462948815891,0.0,5.898587401516883
1209.0,1217.0,1256.72,1214.0,74.33,990.0,920.2,676.7,990.0,275.65,Helium Isotopes,16274,Jita,2025-10-27 22:33:43,219.0,22.12121212121212,0.0,64.82393737766054
14580.0,15960.0,17080.06,14580.0,14976.17,13290.0,1.15,2.74,13290.0,4208.82,Enriched Uranium,44,Jita,2025-10-27 22:33:43,1290.0,9.706546275395034,0.0,280.0510157606488
114.9,121.1,126.57,115.0,3189.52,100.6,12.07,26.64,100.4,39.69,Heavy Water,16272,Jita,2025-10-27 22:33:43,14.300000000000011,14.214711729622278,0.0,3.299855696700624
409.8,519.9,574.7,409.8,1018.73,345.2,1.15,8.53,345.0,147.41,Oxygen,3683,Jita,2025-10-27 22:33:43,64.60000000000002,18.713789107763624,0.0,16.908155259687934
13180.0,13990.0,13995.34,13200.0,8146.01,12270.0,29.5,491.88,12270.0,5689.49,Coolant,9832,Jita,2025-10-27 22:33:43,910.0,7.416462917685411,0.0,407.39006697103827
4950.0,5000.0,6273.23,4950.0,80175.44,4467.0,4400.0,4089.44,4467.0,467.87,Strontium Clathrates,16275,Jita,2025-10-27 22:33:43,483.0,10.81262592343855,0.0,310.72434575941895
89430.0,92410.0,93260.97,89440.0,3733.56,86340.0,15.15,275.27,86010.0,23041.73,Robotics,9848,Jita,2025-10-27 22:33:43,3090.0,3.5788742182070883,0.0,367.5983833323719
154.6,175.0,184.64,165.0,1430.13,140.0,132.0,65.67,140.0,55.44,Liquid Ozone,16273,Jita,2025-10-27 22:33:43,14.599999999999994,10.428571428571425,0.0,8.043779021851682
12500.0,12700.0,12792.03,12500.0,234.08,11730.0,1.15,35.29,11730.0,4684.69,Mechanical Parts,3689,Jita,2025-10-27 22:33:43,770.0,6.564364876385337,0.0,228.91046284519217
4950.0,5000.0,6273.23,4950.0,80175.44,4467.0,4400.0,4089.44,4467.0,467.87,Strontium Clathrates,16275,Jita,2025-10-29 12:04:19,483.0,10.81262592343855,0.0,244.16075890788846
22850.0,23440.0,24222.15,22860.0,1172.11,21010.0,0.01,0.01,0.15,1479.5,Oxygen Fuel Block,4312,Jita,2025-10-29 12:04:19,1840.0,8.757734412184675,0.0,395.00452076979604
21820.0,23000.0,22801.23,21850.0,817.03,19830.0,0.01,0.01,0.15,981.87,Nitrogen Fuel Block,4051,Jita,2025-10-29 12:04:19,1990.0,10.035300050428644,0.0,260.539732825824
21950.0,22370.0,22498.53,22000.0,660.36,19800.0,0.01,0.01,0.15,1574.96,Hydrogen Fuel Block,4246,Jita,2025-10-29 12:04:19,2150.0,10.85858585858586,0.0,134.39458605876573
24230.0,24760.0,25809.22,24230.0,1078132.03,22450.0,0.01,0.01,0.01,1422.03,Helium Fuel Block,4247,Jita,2025-10-29 12:04:19,1780.0,7.928730512249444,0.0,162.52472339396726
896.7,947.5,1077.26,896.8,329.02,882.0,0.15,1.26,882.0,361.13,Oxygen Isotopes,17887,Jita,2025-10-29 12:04:19,14.700000000000045,1.6666666666666718,0.0,6.257110241271823
840.9,880.0,885.73,840.9,40.46,785.4,0.11,2.24,785.4,353.67,Nitrogen Isotopes,17888,Jita,2025-10-29 12:04:19,55.5,7.066462948815891,0.0,4.123452090525336
758.8,793.6,842.0,761.0,170.05,695.0,80.0,62.69,695.0,312.31,Hydrogen Isotopes,17889,Jita,2025-10-29 12:04:19,63.799999999999955,9.179856115107906,0.0,20.819221887476942
154.6,175.0,184.64,165.0,1430.13,140.0,132.0,65.67,140.0,55.44,Liquid Ozone,16273,Jita,2025-10-29 12:04:19,14.599999999999994,10.428571428571425,0.0,6.132932181498299
114.9,121.1,126.57,115.0,3189.52,100.6,12.07,26.64,100.4,39.69,Heavy Water,16272,Jita,2025-10-29 12:04:19,14.300000000000011,14.214711729622278,0.0,2.9921325409909723
89430.0,92410.0,93260.97,89440.0,3733.56,86340.0,15.15,275.27,86010.0,23041.73,Robotics,9848,Jita,2025-10-29 12:04:19,3090.0,3.5788742182070883,0.0,312.50142856816893
12500.0,12700.0,12792.03,12500.0,234.08,11730.0,1.15,35.29,11730.0,4684.69,Mechanical Parts,3689,Jita,2025-10-29 12:04:19,770.0,6.564364876385337,0.0,255.00700270496816
14580.0,15960.0,17080.06,14580.0,14976.17,13290.0,1.15,2.74,13290.0,4208.82,Enriched Uranium,44,Jita,2025-10-29 12:04:19,1290.0,9.706546275395034,0.0,248.8545186018747
13180.0,13990.0,13995.34,13200.0,8146.01,12270.0,29.5,491.88,12270.0,5689.49,Coolant,9832,Jita,2025-10-29 12:04:19,910.0,7.416462917685411,0.0,70.40698017344528
409.8,519.9,574.7,409.8,1018.73,345.2,1.15,8.53,345.0,147.41,Oxygen,3683,Jita,2025-10-29 12:04:19,64.60000000000002,18.713789107763624,0.0,10.413041273875088
1209.0,1217.0,1256.72,1214.0,74.33,990.0,920.2,676.7,990.0,275.65,Helium Isotopes,16274,Jita,2025-10-29 12:04:19,219.0,22.12121212121212,0.0,61.303693666392206
21820.0,23000.0,22801.23,21850.0,817.03,19830.0,0.01,0.01,0.15,981.87,Nitrogen Fuel Block,4051,Jita,2025-10-29 19:37:59,1990.0,10.035300050428644,0.0,208.39522890068915
22850.0,23440.0,24222.15,22860.0,1172.11,21010.0,0.01,0.01,0.15,1479.5,Oxygen Fuel Block,4312,Jita,2025-10-29 19:37:59,1840.0,8.757734412184675,0.0,5.345224838906218
21950.0,22370.0,22498.53,22000.0,660.36,19800.0,0.01,0.01,0.15,1574.96,Hydrogen Fuel Block,4246,Jita,2025-10-29 19:37:59,2150.0,10.85858585858586,0.0,50.00000000001209
896.7,947.5,1077.26,896.8,329.02,882.0,0.15,1.26,882.0,361.13,Oxygen Isotopes,17887,Jita,2025-10-29 19:37:59,14.700000000000045,1.6666666666666718,0.0,0.16035674514722278
24230.0,24760.0,25809.22,24230.0,1078132.03,22450.0,0.01,0.01,0.01,1422.03,Helium Fuel Block,4247,Jita,2025-10-29 19:37:59,1780.0,7.928730512249444,0.0,0.0
22850.0,23440.0,24222.15,22860.0,1172.11,21010.0,0.01,0.01,0.15,1479.5,Oxygen Fuel Block,4312,Jita,2025-10-29 19:40:23,1840.0,8.757734412184675,0.0,4.87950036546054
21820.0,23000.0,22801.23,21850.0,817.03,19830.0,0.01,0.01,0.15,981.87,Nitrogen Fuel Block,4051,Jita,2025-10-29 19:40:23,1990.0,10.035300050428644,0.0,175.6620131307337
21950.0,22370.0,22498.53,22000.0,660.36,19800.0,0.01,0.01,0.15,1574.96,Hydrogen Fuel Block,4246,Jita,2025-10-29 19:40:23,2150.0,10.85858585858586,0.0,43.91550328269523
24230.0,24760.0,25809.22,24230.0,1078132.03,22450.0,0.01,0.01,0.01,1422.03,Helium Fuel Block,4247,Jita,2025-10-29 19:40:23,1780.0,7.928730512249444,0.0,0.0
896.7,947.5,1077.26,896.8,329.02,882.0,0.15,1.26,882.0,361.13,Oxygen Isotopes,17887,Jita,2025-10-29 19:40:23,14.700000000000045,1.6666666666666718,0.0,0.14638501094198608
758.8,793.6,842.0,761.0,170.05,695.0,80.0,62.69,695.0,312.31,Hydrogen Isotopes,17889,Jita,2025-10-29 19:40:23,63.799999999999955,9.179856115107906,0.0,20.204949888579257
1209.0,1217.0,1256.72,1214.0,74.33,990.0,920.2,676.7,990.0,275.65,Helium Isotopes,16274,Jita,2025-10-29 19:40:23,219.0,22.12121212121212,0.0,3.2071349029487224
840.9,880.0,885.73,840.9,40.46,785.4,0.11,2.24,785.4,353.67,Nitrogen Isotopes,17888,Jita,2025-10-29 19:40:23,55.5,7.066462948815891,0.0,1.9777331901519266
114.9,121.1,126.57,115.0,3189.52,100.6,12.07,26.64,100.4,39.69,Heavy Water,16272,Jita,2025-10-29 19:40:23,14.300000000000011,14.214711729622278,0.0,2.90443011375971
154.6,175.0,184.64,165.0,1430.13,140.0,132.0,65.67,140.0,55.44,Liquid Ozone,16273,Jita,2025-10-29 19:40:23,14.599999999999994,10.428571428571425,0.0,5.131415844718583
89430.0,92410.0,93260.97,89440.0,3733.56,86340.0,15.15,275.27,86010.0,23041.73,Robotics,9848,Jita,2025-10-29 19:40:23,3090.0,3.5788742182070883,0.0,42.76179870598469
12500.0,12700.0,12792.03,12500.0,234.08,11730.0,1.15,35.29,11730.0,4684.69,Mechanical Parts,3689,Jita,2025-10-29 19:40:23,770.0,6.564364876385337,0.0,270.8452378336072
14580.0,15960.0,17080.06,14580.0,14976.17,13290.0,1.15,2.74,13290.0,4208.82,Enriched Uranium,44,Jita,2025-10-29 19:40:23,1290.0,9.706546275395034,0.0,244.12135935890015
13180.0,13990.0,13995.34,13200.0,8146.01,12270.0,29.5,491.88,12270.0,5689.49,Coolant,9832,Jita,2025-10-29 19:40:23,910.0,7.416462917685411,0.0,37.79644730093589
409.8,519.9,574.7,409.8,1018.73,345.2,1.15,8.53,345.0,147.41,Oxygen,3683,Jita,2025-10-29 19:40:23,64.60000000000002,18.713789107763624,0.0,0.05345224835533024
4950.0,5000.0,6273.23,4950.0,80175.44,4467.0,4400.0,4089.44,4467.0,467.87,Strontium Clathrates,16275,Jita,2025-10-29 19:40:23,483.0,10.81262592343855,0.0,248.0634519442073
21330.0,22820.0,22972.91,21350.0,1254.79,20010.0,0.01,0.01,0.15,786.98,Oxygen Fuel Block,4312,Jita,2025-11-02 17:05:18,1320.0,6.5967016491754125,-6.652078774617065,575.1480140757168
21310.0,21880.0,22214.04,21320.0,958.48,20010.0,0.01,0.01,0.15,1020.01,Nitrogen Fuel Block,4051,Jita,2025-11-02 17:05:18,1300.0,6.496751624187906,-2.337305224564623,216.63003353314284
21350.0,21860.0,22151.25,21350.0,740.83,20000.0,0.01,0.01,0.15,1092.4,Hydrogen Fuel Block,4246,Jita,2025-11-02 17:05:18,1350.0,6.75,-2.733485193621865,234.85557872263212
24100.0,24950.0,26247.12,24100.0,1236140.49,22720.0,0.01,0.01,0.01,1055.31,Helium Fuel Block,4247,Jita,2025-11-02 17:05:18,1380.0,6.073943661971831,-0.5365249690466367,49.13538149119563
894.0,910.8,1014.32,904.8,285.26,832.6,0.15,0.51,832.0,279.85,Oxygen Isotopes,17887,Jita,2025-11-02 17:05:18,61.39999999999998,7.3744895508047055,-0.30110404817664804,1.007826515683292
784.9,858.9,863.6,788.8,52.96,710.0,0.11,0.26,710.0,190.42,Nitrogen Isotopes,17888,Jita,2025-11-02 17:05:18,74.89999999999998,10.549295774647884,-6.659531454394097,20.773208478138212
1060.0,1113.0,1144.98,1060.0,107.87,951.3,861.3,625.11,951.0,289.48,Helium Isotopes,16274,Jita,2025-11-02 17:05:18,108.70000000000005,11.426469042363086,-12.324234904880072,57.14267857114951
722.9,750.8,780.73,723.0,139.57,688.8,80.0,64.4,688.5,309.36,Hydrogen Isotopes,17889,Jita,2025-11-02 17:05:18,34.10000000000002,4.95063879210221,-4.731154454401687,19.87651162265938
113.6,121.1,125.71,113.7,3136.63,103.3,12.07,25.07,103.3,39.17,Heavy Water,16272,Jita,2025-11-02 17:05:18,10.299999999999997,9.970958373668923,-1.1314186248912228,2.5525897213838054
145.0,173.0,169.01,145.0,1136.33,125.8,25.02,28.08,125.8,25.62,Liquid Ozone,16273,Jita,2025-11-02 17:05:18,19.200000000000003,15.262321144674088,-6.209573091849929,5.131415844718583
90430.0,91500.0,92776.13,90440.0,3568.97,87320.0,9249.0,738.49,87300.0,35932.39,Robotics,9848,Jita,2025-11-02 17:05:18,3110.0,3.5616124599175443,1.1181930001118223,389.87177379236533
12340.0,12570.0,12752.07,12350.0,335.32,12000.0,1.15,49.05,12000.0,4977.45,Mechanical Parts,3689,Jita,2025-11-02 17:05:18,340.0,2.833333333333333,-1.2800000000000034,240.44601413682508
14310.0,14900.0,15856.95,14310.0,11381.41,14120.0,1.15,13.62,14120.0,6036.93,Enriched Uranium,44,Jita,2025-11-02 17:05:18,190.0,1.3456090651558072,-1.851851851851849,221.284131077368
13300.0,13600.0,13955.58,13330.0,7629.34,12350.0,29.0,132.93,12350.0,5075.79,Coolant,9832,Jita,2025-11-02 17:05:18,950.0,7.6923076923076925,0.9104704097116834,67.04653678781034
372.0,450.0,476.41,373.0,233.05,355.8,1.15,9.74,355.7,153.12,Oxygen,3683,Jita,2025-11-02 17:05:18,16.19999999999999,4.553119730185494,-9.224011713030745,14.299733597251969
4750.0,4965.0,5182.17,4750.0,109908.72,4421.0,3322.0,1618.69,4421.0,1359.96,Strontium Clathrates,16275,Jita,2025-11-02 17:05:18,329.0,7.441755258991178,-4.040404040404044,234.6471515153882
21310.0,22830.0,23081.4,21320.0,1234.34,19990.0,0.01,0.01,0.15,941.4,Oxygen Fuel Block,4312,Jita,2025-11-03 19:06:07,1320.0,6.603301650825413,-0.09376465072667983,746.5858799833243
21450.0,21880.0,22328.91,21450.0,942.39,20460.0,0.01,0.01,0.15,947.99,Nitrogen Fuel Block,4051,Jita,2025-11-03 19:06:07,990.0,4.838709677419355,0.6569685593617924,218.46869667888473
21490.0,21720.0,21958.21,21490.0,686.94,20140.0,0.01,0.01,0.15,1034.87,Hydrogen Fuel Block,4246,Jita,2025-11-03 19:06:07,1350.0,6.703078450844091,0.6557377049180246,261.75233659756367
24150.0,25520.0,26338.64,24150.0,1261379.71,22860.0,0.01,0.01,0.01,1095.62,Helium Fuel Block,4247,Jita,2025-11-03 19:06:07,1290.0,5.6430446194225725,0.20746887966804906,53.22906474223524
874.0,910.8,1002.05,875.0,280.56,833.4,0.15,3.15,833.4,393.99,Oxygen Isotopes,17887,Jita,2025-11-03 19:06:07,40.60000000000002,4.871610271178309,-2.2371364653243853,8.46969387201898
787.1,859.2,866.57,787.3,52.73,746.5,0.11,1.26,746.4,320.85,Nitrogen Isotopes,17888,Jita,2025-11-03 19:06:07,40.60000000000002,5.438713998660418,0.2802904828640651,26.46950626484685
719.8,750.8,782.6,719.8,142.23,690.7,80.0,73.93,690.6,314.16,Hydrogen Isotopes,17889,Jita,2025-11-03 19:06:07,29.09999999999991,4.213117127551746,-0.42882833033615064,20.10049750628077
1064.0,1114.0,1154.76,1064.0,105.42,962.3,961.3,750.09,962.3,238.18,Helium Isotopes,16274,Jita,2025-11-03 19:06:07,101.70000000000005,10.568429803595558,0.37735849056603765,72.35659051168857
4750.0,4997.0,5211.25,4750.0,113382.32,4415.0,3322.0,1561.08,4415.0,1368.97,Strontium Clathrates,16275,Jita,2025-11-03 19:06:07,335.0,7.587768969422423,0.0,188.0003799388253
114.0,121.1,126.16,114.1,3191.88,104.0,12.07,27.46,104.0,41.09,Heavy Water,16272,Jita,2025-11-03 19:06:07,10.0,9.615384615384617,0.35211267605634866,1.9752034253282735
143.9,173.0,168.74,144.0,1130.59,127.4,25.02,30.27,127.4,32.4,Liquid Ozone,16273,Jita,2025-11-03 19:06:07,16.5,12.951334379905807,-0.758620689655165,5.340010700898887
90310.0,90990.0,92548.55,90330.0,3495.75,88000.0,9249.0,632.54,88000.0,34758.0,Robotics,9848,Jita,2025-11-03 19:06:07,2310.0,2.625,-0.13269932544509588,468.675946531453
12510.0,12830.0,12879.13,12510.0,313.9,11940.0,1.15,94.16,11940.0,5322.77,Mechanical Parts,3689,Jita,2025-11-03 19:06:07,570.0,4.773869346733668,1.3776337115072979,193.0334291305667
14240.0,14900.0,15917.35,14340.0,11595.04,13950.0,1.15,2.2,12660.0,3189.41,Enriched Uranium,44,Jita,2025-11-03 19:06:07,290.0,2.078853046594982,-0.4891684136967167,198.55429867874568
13200.0,13640.0,13979.34,13320.0,7855.17,12350.0,29.0,132.93,12350.0,5075.79,Coolant,9832,Jita,2025-11-03 19:06:07,850.0,6.882591093117409,-0.7518796992481258,58.71642911162286
395.9,450.0,478.33,396.2,240.91,364.0,1.15,10.61,364.0,156.82,Oxygen,3683,Jita,2025-11-03 19:06:07,31.899999999999977,8.763736263736257,6.424731182795695,14.385723743317294
21210.0,21560.0,21951.95,21210.0,975.64,20490.0,0.01,0.01,0.15,962.23,Nitrogen Fuel Block,4051,Jita,2025-11-04 23:06:00,720.0,3.513909224011713,-1.118881118881121,274.45183461549016
21190.0,21200.0,21571.44,21190.0,662.71,20000.0,0.01,0.01,0.15,993.55,Hydrogen Fuel Block,4246,Jita,2025-11-04 23:06:00,1190.0,5.949999999999999,-1.3959981386691522,335.6585566713058
24290.0,26000.0,27488.24,24290.0,1568603.9,22840.0,0.01,0.01,0.01,1087.31,Helium Fuel Block,4247,Jita,2025-11-04 23:06:00,1450.0,6.3485113835376525,0.5797101449275255,62.83008075451387
21500.0,22820.0,22879.07,21620.0,1261.53,19350.0,0.01,0.01,0.15,762.06,Oxygen Fuel Block,4312,Jita,2025-11-04 23:06:00,2150.0,11.11111111111111,0.8916001877053104,788.0566815485594
884.9,910.8,1003.2,885.0,282.05,840.2,0.15,1.01,840.2,341.14,Oxygen Isotopes,17887,Jita,2025-11-04 23:06:00,44.69999999999993,5.32016186622232,1.2471395881006764,8.795155592982098
790.1,859.2,868.63,790.3,51.33,752.0,0.11,0.79,752.0,296.44,Nitrogen Isotopes,17888,Jita,2025-11-04 23:06:00,38.10000000000002,5.06648936170213,0.38114597890992474,28.654427065921194
745.0,781.3,828.0,750.5,181.86,699.3,80.0,70.84,699.2,314.29,Hydrogen Isotopes,17889,Jita,2025-11-04 23:06:00,45.700000000000045,6.535106535106543,3.500972492358989,17.683769798482263
1054.0,1115.0,1150.23,1055.0,112.16,1001.0,961.4,755.92,1000.0,246.21,Helium Isotopes,16274,Jita,2025-11-04 23:06:00,53.0,5.294705294705294,-0.9398496240601517,80.05295866160206
11970.0,12510.0,12498.72,11970.0,484.02,11180.0,1.15,73.12,11180.0,5033.92,Mechanical Parts,3689,Jita,2025-11-04 23:06:00,790.0,7.0661896243291595,-4.316546762589923,200.22606271531413
114.3,123.9,127.39,116.0,3356.66,104.3,12.07,26.55,104.3,40.55,Heavy Water,16272,Jita,2025-11-04 23:06:00,10.0,9.587727708533079,0.2631578947368318,0.5385164807134255
139.3,173.0,168.19,143.1,1119.9,130.0,25.02,30.95,130.0,34.18,Liquid Ozone,16273,Jita,2025-11-04 23:06:00,9.300000000000011,7.153846153846162,-3.196664350243217,6.578862255088554
89400.0,90900.0,92135.48,89880.0,3391.61,87110.0,15.15,286.59,87100.0,24563.24,Robotics,9848,Jita,2025-11-04 23:06:00,2290.0,2.6288600619905864,-1.0076403499058806,463.02833400910663
14370.0,14500.0,15558.16,14370.0,10242.73,12680.0,1.15,2.28,12660.0,3218.72,Enriched Uranium,44,Jita,2025-11-04 23:06:00,1690.0,13.32807570977918,0.9129213483145993,150.85470777255094
12780.0,13470.0,13813.27,12780.0,7247.75,12370.0,29.0,153.09,12350.0,5247.33,Coolant,9832,Jita,2025-11-04 23:06:00,410.0,3.3144704931285367,-3.1818181818181857,165.90301240125322
397.0,498.7,484.8,403.0,248.28,345.9,1.15,6.17,345.9,137.04,Oxygen,3683,Jita,2025-11-04 23:06:00,51.10000000000002,14.773055796472976,0.2778479413993562,14.092365376499322
4935.0,5339.0,5631.87,4996.0,155586.46,4435.0,4400.0,2148.05,4435.0,1248.5,Strontium Clathrates,16275,Jita,2025-11-04 23:06:00,500.0,11.273957158962796,3.894736842105262,96.28207566955459
21200.0,21740.0,22207.51,21200.0,816.39,20080.0,0.01,0.01,0.15,1209.75,Hydrogen Fuel Block,4246,Jita,2025-11-07 14:59:49,1120.0,5.577689243027888,0.04719207173193851,357.8041496738216
25450.0,25900.0,27306.19,25460.0,1818942.53,22810.0,0.01,0.01,0.01,1325.29,Helium Fuel Block,4247,Jita,2025-11-07 14:59:49,2640.0,11.573871109162647,4.775627830382878,474.6477390554756
1022.0,1139.0,1304.16,1022.0,9816.89,840.1,0.15,0.35,838.7,235.04,Oxygen Isotopes,17887,Jita,2025-11-07 14:59:49,181.89999999999998,21.652184263778118,15.493276076392814,50.420082922430396
849.9,949.8,1085.04,850.0,382.69,815.0,0.11,1.03,812.1,325.76,Nitrogen Isotopes,17888,Jita,2025-11-07 14:59:49,34.89999999999998,4.282208588957053,7.568662194658904,30.024593094265175
900.0,1227.0,1354.57,900.0,765.06,818.7,80.0,73.61,818.7,331.1,Hydrogen Isotopes,17889,Jita,2025-11-07 14:59:49,81.29999999999995,9.930377427629162,20.805369127516784,61.29700917119308
1172.0,1374.0,1598.27,1173.0,582.92,1120.0,978.2,754.66,1120.0,278.14,Helium Isotopes,16274,Jita,2025-11-07 14:59:49,52.0,4.642857142857143,11.195445920303616,76.24272018332213
4914.0,4994.0,5328.58,4914.0,123888.43,4190.0,3999.0,2502.86,4190.0,980.94,Strontium Clathrates,16275,Jita,2025-11-07 14:59:49,724.0,17.27923627684964,-0.42553191489361764,93.50910319830966
89370.0,90900.0,92198.64,89400.0,3509.9,86530.0,15.15,220.86,83200.0,18926.07,Robotics,9848,Jita,2025-11-07 14:59:49,2840.0,3.282098694094534,-0.03355704697987072,469.2496543368454
139.9,173.0,167.56,142.7,1108.13,122.4,25.02,30.36,122.4,31.76,Liquid Ozone,16273,Jita,2025-11-07 14:59:49,17.5,14.297385620915032,0.4307250538406304,7.016511139549969
11140.0,11990.0,12106.69,11160.0,737.87,10510.0,1.15,67.5,10510.0,4799.56,Mechanical Parts,3689,Jita,2025-11-07 14:59:49,630.0,5.99429115128449,-6.934001670843781,510.177373450599
13890.0,14500.0,15432.47,13900.0,9937.93,13050.0,1.15,3.56,13050.0,4121.38,Enriched Uranium,44,Jita,2025-11-07 14:59:49,840.0,6.436781609195402,-3.3402922755741082,252.64317016015042
12880.0,13470.0,13843.97,12890.0,7349.07,12350.0,11100.0,767.37,12350.0,5741.66,Coolant,9832,Jita,2025-11-07 14:59:49,530.0,4.291497975708502,0.782472613458518,191.4854215512689
390.0,450.0,471.69,391.0,227.19,368.0,1.15,10.18,368.0,158.04,Oxygen,3683,Jita,2025-11-07 14:59:49,22.0,5.978260869565218,-1.7632241813602012,13.920710846655227
21110.0,21230.0,21586.58,21110.0,834.35,19890.0,0.01,0.01,0.15,1120.62,Nitrogen Fuel Block,4051,Jita,2025-11-07 14:59:49,1220.0,6.133735545500251,-0.47147571900046925,311.3870658230734
112.6,121.1,125.9,112.6,3115.19,99.98,12.07,22.43,99.98,36.25,Heavy Water,16272,Jita,2025-11-07 14:59:49,12.61999999999999,12.62252450490097,-1.4873140857392886,0.8596787882968835
21460.0,22820.0,22866.44,21470.0,1272.52,19540.0,0.01,0.01,0.15,1078.41,Oxygen Fuel Block,4312,Jita,2025-11-07 14:59:49,1920.0,9.825997952917092,-0.18604651162790198,777.9123466352796
495.7,510.0,535.22,495.7,87.65,423.0,0.03,0.05,414.3,96.19,Oxygen,3683,C-J6MT,2025-10-21 19:07:47,72.69999999999999,17.186761229314417,,
23790.0,23970.0,24187.98,23790.0,624.68,22030.0,21710.0,21636.49,22010.0,522.87,Oxygen Fuel Block,4312,C-J6MT,2025-10-21 19:07:47,1760.0,7.989105764866092,,
24990.0,25700.0,25493.43,24990.0,432.68,21630.0,20040.0,20486.21,21620.0,707.22,Nitrogen Fuel Block,4051,C-J6MT,2025-10-21 19:07:47,3360.0,15.53398058252427,,
18210.0,18800.0,19172.62,18220.0,857.19,16900.0,16360.0,16059.52,16900.0,1018.86,Hydrogen Fuel Block,4246,C-J6MT,2025-10-21 19:07:47,1310.0,7.7514792899408285,,
25890.0,25900.0,26168.19,25890.0,302.99,23050.0,23000.0,21451.76,23030.0,1730.48,Helium Fuel Block,4247,C-J6MT,2025-10-21 19:07:47,2840.0,12.321041214750544,,
972.4,983.1,988.35,972.4,20.75,860.1,756.1,662.63,860.1,179.28,Nitrogen Isotopes,17888,C-J6MT,2025-10-21 19:07:47,112.29999999999995,13.056621323101957,,
717.8,736.9,759.71,717.9,59.18,705.3,661.4,644.89,705.3,88.0,Hydrogen Isotopes,17889,C-J6MT,2025-10-21 19:07:47,12.5,1.7722954771019424,,
1143.0,1300.0,1269.56,1143.0,87.09,1024.0,1005.0,988.6,1024.0,38.6,Helium Isotopes,16274,C-J6MT,2025-10-21 19:07:47,119.0,11.62109375,,
998.5,1056.0,1072.35,998.6,91.43,921.1,920.0,918.12,921.1,4.32,Oxygen Isotopes,17887,C-J6MT,2025-10-21 19:07:47,77.39999999999998,8.402996417327106,,
23.95,31.99,35.47,23.95,13.04,15.04,0.01,0.04,15.03,5.7,Heavy Water,16272,C-J6MT,2025-10-21 19:07:47,8.91,59.24202127659575,,
95.99,109.8,115.49,96.0,47.15,75.9,60.02,50.68,75.89,20.86,Liquid Ozone,16273,C-J6MT,2025-10-21 19:07:47,20.08999999999999,26.469038208168627,,
89780.0,94000.0,94146.8,89790.0,735.96,84130.0,81480.0,82170.04,84130.0,1146.52,Robotics,9848,C-J6MT,2025-10-21 19:07:47,5650.0,6.715796980862951,,
12850.0,12920.0,13056.3,12850.0,495.77,12150.0,11210.0,10941.7,12150.0,1132.82,Mechanical Parts,3689,C-J6MT,2025-10-21 19:07:47,700.0,5.761316872427984,,
15870.0,16080.0,16487.56,15870.0,866.27,14170.0,14050.0,12808.04,14170.0,1685.61,Enriched Uranium,44,C-J6MT,2025-10-21 19:07:47,1700.0,11.997177134791814,,
13820.0,15720.0,15543.17,13820.0,675.41,12510.0,12410.0,11379.6,12510.0,1528.02,Coolant,9832,C-J6MT,2025-10-21 19:07:47,1310.0,10.471622701838529,,
3379.0,3910.0,4016.08,3379.0,2049.34,2948.0,2519.0,2531.99,2947.0,227.99,Strontium Clathrates,16275,C-J6MT,2025-10-21 19:07:47,431.0,14.620081411126188,,
717.8,736.9,760.04,717.9,59.28,705.3,661.4,644.89,705.3,88.0,Hydrogen Isotopes,17889,C-J6MT,2025-10-21 19:32:10,12.5,1.7722954771019424,0.0,0.0
23790.0,23970.0,24187.98,23790.0,624.68,22030.0,21710.0,21636.49,22010.0,522.87,Oxygen Fuel Block,4312,C-J6MT,2025-10-21 19:32:10,1760.0,7.989105764866092,0.0,0.0
24990.0,25700.0,25493.43,24990.0,432.68,21630.0,20040.0,20486.21,21620.0,707.22,Nitrogen Fuel Block,4051,C-J6MT,2025-10-21 19:32:10,3360.0,15.53398058252427,0.0,0.0
18210.0,18800.0,19172.62,18220.0,857.19,16900.0,16360.0,16059.52,16900.0,1018.86,Hydrogen Fuel Block,4246,C-J6MT,2025-10-21 19:32:10,1310.0,7.7514792899408285,0.0,0.0
25880.0,25900.0,26155.52,25880.0,302.16,23050.0,23000.0,21451.76,23030.0,1730.48,Helium Fuel Block,4247,C-J6MT,2025-10-21 19:32:10,2830.0,12.27765726681128,-0.03862495171881308,7.0710678118654755
972.4,983.1,988.36,972.4,20.75,860.1,756.1,662.63,860.1,179.28,Nitrogen Isotopes,17888,C-J6MT,2025-10-21 19:32:10,112.29999999999995,13.056621323101957,0.0,0.0
1143.0,1300.0,1269.56,1143.0,87.09,1024.0,1005.0,988.6,1024.0,38.6,Helium Isotopes,16274,C-J6MT,2025-10-21 19:32:10,119.0,11.62109375,0.0,0.0
998.5,1056.0,1072.49,998.6,91.46,921.1,920.0,918.12,921.1,4.32,Oxygen Isotopes,17887,C-J6MT,2025-10-21 19:32:10,77.39999999999998,8.402996417327106,0.0,0.0
23.95,31.99,35.47,23.95,13.04,15.04,0.01,0.04,15.03,5.7,Heavy Water,16272,C-J6MT,2025-10-21 19:32:10,8.91,59.24202127659575,0.0,0.0
95.98,107.0,114.94,95.98,46.7,75.9,60.02,50.68,75.89,20.86,Liquid Ozone,16273,C-J6MT,2025-10-21 19:32:10,20.08,26.455862977602102,-0.010417751849145507,0.007071067811859044
89780.0,94000.0,94146.8,89790.0,735.96,84130.0,81480.0,82170.04,84130.0,1146.52,Robotics,9848,C-J6MT,2025-10-21 19:32:10,5650.0,6.715796980862951,0.0,0.0
12850.0,12920.0,13056.3,12850.0,495.77,12150.0,11210.0,10941.7,12150.0,1132.82,Mechanical Parts,3689,C-J6MT,2025-10-21 19:32:10,700.0,5.761316872427984,0.0,0.0
15870.0,16080.0,16487.56,15870.0,866.27,14170.0,14050.0,12808.04,14170.0,1685.61,Enriched Uranium,44,C-J6MT,2025-10-21 19:32:10,1700.0,11.997177134791814,0.0,0.0
13820.0,15720.0,15543.17,13820.0,675.41,12510.0,12410.0,11379.6,12510.0,1528.02,Coolant,9832,C-J6MT,2025-10-21 19:32:10,1310.0,10.471622701838529,0.0,0.0
495.7,510.0,535.22,495.7,87.65,423.0,0.03,0.05,414.3,96.19,Oxygen,3683,C-J6MT,2025-10-21 19:32:10,72.69999999999999,17.186761229314417,0.0,0.0
3379.0,3910.0,4020.43,3600.0,2054.83,2948.0,2519.0,2531.99,2947.0,227.99,Strontium Clathrates,16275,C-J6MT,2025-10-21 19:32:10,431.0,14.620081411126188,0.0,0.0
23690.0,24000.0,24284.89,23800.0,662.42,22020.0,21710.0,21647.92,22020.0,569.98,Oxygen Fuel Block,4312,C-J6MT,2025-10-23 18:59:44,1670.0,7.5840145322434145,-0.42034468263976166,57.7350269189631
24930.0,24990.0,25243.23,24950.0,459.99,23510.0,20040.0,20797.24,23510.0,1156.45,Nitrogen Fuel Block,4051,C-J6MT,2025-10-23 18:59:44,1420.0,6.0399829859634195,-0.24009603841537164,34.64101615137755
18040.0,18800.0,19210.46,18050.0,936.11,16830.0,16360.0,16171.16,16830.0,1013.88,Hydrogen Fuel Block,4246,C-J6MT,2025-10-23 18:59:44,1210.0,7.18954248366013,-0.9335529928610642,98.14954576223586
25880.0,25890.0,26174.75,25880.0,306.05,24040.0,24010.0,23083.42,24040.0,1849.38,Helium Fuel Block,4247,C-J6MT,2025-10-23 18:59:44,1840.0,7.653910149750416,0.0,5.773502691895995
986.0,1017.0,1059.65,987.0,90.91,910.1,910.1,910.1,910.1,0.0,Oxygen Isotopes,17887,C-J6MT,2025-10-23 18:59:44,75.89999999999998,8.339742885397207,-1.2518778167250888,7.216878364870339
966.0,982.4,984.76,968.1,21.2,860.2,756.1,664.89,860.2,179.02,Nitrogen Isotopes,17888,C-J6MT,2025-10-23 18:59:44,105.79999999999995,12.299465240641705,-0.6581653640477136,3.695041722813592
706.9,736.9,755.85,706.9,62.9,663.4,661.4,624.88,663.4,95.54,Hydrogen Isotopes,17889,C-J6MT,2025-10-23 18:59:44,43.5,6.557129936689781,-1.5185288381164619,6.293117934166908
1114.0,1300.0,1276.12,1115.0,88.98,1050.0,953.2,968.34,1050.0,37.22,Helium Isotopes,16274,C-J6MT,2025-10-23 18:59:44,64.0,6.095238095238095,-2.5371828521434825,16.743157806499113
3788.0,3900.0,4021.66,3788.0,2239.43,3027.0,2519.0,2603.71,3027.0,294.0,Strontium Clathrates,16275,C-J6MT,2025-10-23 18:59:44,761.0,25.140403039312854,12.104172832198866,236.13626009855687
95.59,105.8,111.93,95.59,44.08,76.02,60.01,48.44,76.01,20.82,Liquid Ozone,16273,C-J6MT,2025-10-23 18:59:44,19.570000000000007,25.743225466982384,-0.4063346530527201,0.22810816147900798
92990.0,94000.0,94026.0,92990.0,651.93,81610.0,81590.0,81569.3,81600.0,45.53,Robotics,9848,C-J6MT,2025-10-23 18:59:44,11380.0,13.944369562553607,3.57540654934283,1853.2943640986987
12850.0,12920.0,13084.92,12850.0,534.17,12300.0,12070.0,11183.92,12300.0,1143.71,Mechanical Parts,3689,C-J6MT,2025-10-23 18:59:44,550.0,4.471544715447155,0.0,0.0
15700.0,15870.0,16082.31,15850.0,502.06,14220.0,14050.0,12762.34,14220.0,1727.87,Enriched Uranium,44,C-J6MT,2025-10-23 18:59:44,1480.0,10.40787623066104,-1.0712035286704502,98.14954576223664
13810.0,15720.0,15597.52,13810.0,630.39,12600.0,12520.0,11469.2,12600.0,1554.67,Coolant,9832,C-J6MT,2025-10-23 18:59:44,1210.0,9.603174603174605,-0.07235890014472002,5.773502691895995
509.0,510.0,564.27,509.0,112.93,445.0,0.03,0.06,426.1,106.56,Oxygen,3683,C-J6MT,2025-10-23 18:59:44,64.0,14.382022471910114,2.6830744401856066,7.678758580222029
30.3,31.99,37.31,30.3,11.96,15.15,0.01,0.03,15.14,5.27,Heavy Water,16272,C-J6MT,2025-10-23 18:59:44,15.15,100.0,26.51356993736953,3.6661742093541245
710.0,736.9,757.92,710.0,64.22,669.0,668.0,635.73,669.0,86.91,Hydrogen Isotopes,17889,C-J6MT,2025-10-25 18:52:17,41.0,6.128550074738415,0.43853444617343307,5.544591959738773
23760.0,24000.0,24311.91,23760.0,672.07,22030.0,21710.0,21706.96,22030.0,546.91,Oxygen Fuel Block,4312,C-J6MT,2025-10-25 18:52:17,1730.0,7.852927825692238,0.2954833262980072,47.16990566028344
24810.0,24870.0,24867.52,24810.0,33.17,21620.0,20040.0,20466.92,21620.0,697.45,Nitrogen Fuel Block,4051,C-J6MT,2025-10-25 18:52:17,3190.0,14.754856614246068,-0.48134777376654947,84.8528137423857
18700.0,18800.0,19365.95,18700.0,914.51,16530.0,16360.0,16101.05,16530.0,1001.45,Hydrogen Fuel Block,4246,C-J6MT,2025-10-25 18:52:17,2170.0,13.127646702964308,3.658536585365857,284.8391358878436
25840.0,25880.0,26038.26,25840.0,283.0,24500.0,24030.0,22594.81,24500.0,2254.02,Helium Fuel Block,4247,C-J6MT,2025-10-25 18:52:17,1340.0,5.469387755102041,-0.1545595054095794,22.17355782608311
988.8,1070.0,1076.03,988.8,93.35,910.2,910.1,910.11,910.2,0.03,Oxygen Isotopes,17887,C-J6MT,2025-10-25 18:52:17,78.59999999999991,8.635464733025698,0.28397565922919643,6.509736297782508
961.6,973.6,980.99,961.7,23.55,860.2,756.1,664.39,860.2,180.02,Nitrogen Isotopes,17888,C-J6MT,2025-10-25 18:52:17,101.39999999999998,11.787956289235058,-0.4554865424430621,5.28015151297762
1110.0,1300.0,1269.99,1110.0,95.06,1050.0,953.2,967.72,1050.0,36.57,Helium Isotopes,16274,C-J6MT,2025-10-25 18:52:17,60.0,5.714285714285714,-0.35906642728904536,17.972200755611397
12790.0,13000.0,13289.66,12890.0,696.99,12400.0,11210.0,11050.4,12360.0,1172.95,Mechanical Parts,3689,C-J6MT,2025-10-25 18:52:17,390.0,3.1451612903225805,-0.46692607003890885,30.0
31.0,37.0,40.94,31.0,9.26,16.03,0.01,0.04,16.03,5.9,Heavy Water,16272,C-J6MT,2025-10-25 18:52:17,14.969999999999999,93.38739862757328,2.310231023102305,3.8787884706438946
96.99,105.8,112.51,96.99,43.78,78.11,60.01,48.53,78.11,21.12,Liquid Ozone,16273,C-J6MT,2025-10-25 18:52:17,18.879999999999995,24.171040839841243,1.4645883460612907,0.5980732953966934
92480.0,93780.0,93759.9,92490.0,831.6,82310.0,82000.0,81945.81,82310.0,325.73,Robotics,9848,C-J6MT,2025-10-25 18:52:17,10170.0,12.35572834406512,-0.5484460694698323,1718.7277271284129
3879.0,3887.0,4042.68,3879.0,2197.55,3300.0,2617.0,2668.41,3300.0,361.67,Strontium Clathrates,16275,C-J6MT,2025-10-25 18:52:17,579.0,17.545454545454543,2.4023231256599775,265.02248332295625
15810.0,15870.0,16090.94,15820.0,500.29,14240.0,14050.0,12903.59,14240.0,1689.71,Enriched Uranium,44,C-J6MT,2025-10-25 18:52:17,1570.0,11.025280898876405,0.7006369426751702,80.1560977094072
15100.0,15740.0,15736.86,15100.0,441.7,12830.0,12520.0,11197.97,12830.0,1675.2,Coolant,9832,C-J6MT,2025-10-25 18:52:17,2270.0,17.692907248636008,9.341057204923974,641.6839824503442
500.0,510.0,557.72,500.0,109.4,426.2,0.03,0.06,424.8,100.98,Oxygen,3683,C-J6MT,2025-10-25 18:52:17,73.80000000000001,17.315814171750354,-1.7681728880157177,6.270034555991968
24810.0,24870.0,24867.52,24810.0,33.17,21620.0,20040.0,20466.92,21620.0,697.45,Nitrogen Fuel Block,4051,C-J6MT,2025-10-25 19:00:00,3190.0,14.754856614246068,0.0,90.9945053286186
18700.0,18800.0,19371.24,18700.0,916.21,16530.0,16360.0,16101.05,16530.0,1001.45,Hydrogen Fuel Block,4246,C-J6MT,2025-10-25 19:00:00,2170.0,13.127646702964308,0.0,307.35972410190647
25840.0,25880.0,26038.65,25840.0,283.14,24500.0,24030.0,22594.81,24500.0,2254.02,Helium Fuel Block,4247,C-J6MT,2025-10-25 19:00:00,1340.0,5.469387755102041,0.0,24.083189157584354
988.8,1070.0,1076.34,988.8,93.36,910.2,910.1,910.11,910.2,0.03,Oxygen Isotopes,17887,C-J6MT,2025-10-25 19:00:00,78.59999999999991,8.635464733025698,0.0,5.935233778041136
961.5,980.2,981.05,961.7,23.56,860.2,756.1,664.39,860.2,180.02,Nitrogen Isotopes,17888,C-J6MT,2025-10-25 19:00:00,101.29999999999995,11.776331085793995,-0.010399334442601216,5.4426096681647005
710.0,736.9,758.08,710.0,64.26,669.0,668.0,635.73,669.0,86.91,Hydrogen Isotopes,17889,C-J6MT,2025-10-25 19:00:00,41.0,6.128550074738415,0.0,5.000999900019984
1109.0,1300.0,1270.14,1110.0,94.98,1050.0,953.2,967.72,1050.0,36.57,Helium Isotopes,16274,C-J6MT,2025-10-25 19:00:00,59.0,5.6190476190476195,-0.09009009009008917,17.626684316683015
23760.0,24000.0,24311.91,23760.0,672.07,22030.0,21710.0,21706.96,22030.0,546.91,Oxygen Fuel Block,4312,C-J6MT,2025-10-25 19:00:00,1730.0,7.852927825692238,0.0,40.86563348340546
31.0,37.0,41.12,31.0,9.24,16.03,0.01,0.04,16.03,5.9,Heavy Water,16272,C-J6MT,2025-10-25 19:00:00,14.969999999999999,93.38739862757328,0.0,3.7445627248051276
98.93,105.8,112.81,98.99,44.09,78.12,60.01,48.57,78.12,21.2,Liquid Ozone,16273,C-J6MT,2025-10-25 19:00:00,20.810000000000002,26.63850486431132,2.000206206825461,1.3519911242312221
92490.0,93780.0,93771.38,92490.0,826.44,82310.0,82000.0,81945.81,82310.0,325.73,Robotics,9848,C-J6MT,2025-10-25 19:00:00,10180.0,12.367877536143848,0.010813148788924032,1587.239742445986
12890.0,13000.0,13297.03,12890.0,699.94,12400.0,11210.0,11050.4,12360.0,1172.95,Mechanical Parts,3689,C-J6MT,2025-10-25 19:00:00,490.0,3.951612903225806,0.7818608287724738,35.77708763999664
15820.0,15870.0,16095.11,15820.0,502.88,14250.0,14050.0,12914.08,14250.0,1697.61,Enriched Uranium,44,C-J6MT,2025-10-25 19:00:00,1570.0,11.017543859649123,0.06325110689437974,69.4982014155764
15100.0,15740.0,15736.94,15100.0,441.67,12840.0,12520.0,11217.41,12840.0,1692.5,Coolant,9832,C-J6MT,2025-10-25 19:00:00,2260.0,17.601246105919003,0.0,702.9224708315991
500.0,510.0,557.78,500.0,109.43,426.2,0.03,0.06,424.8,100.98,Oxygen,3683,C-J6MT,2025-10-25 19:00:00,73.80000000000001,17.315814171750354,0.0,5.4301933667227775
3880.0,3913.0,4075.09,3887.0,2395.62,3301.0,2617.0,2668.14,3301.0,361.83,Strontium Clathrates,16275,C-J6MT,2025-10-25 19:00:00,579.0,17.540139351711602,0.02577984016498558,260.12593104110164
23760.0,24000.0,24311.91,23760.0,672.07,22030.0,21710.0,21706.96,22030.0,546.91,Oxygen Fuel Block,4312,C-J6MT,2025-10-25 19:12:14,1730.0,7.852927825692238,0.0,36.560452221857034
24810.0,24870.0,24867.52,24810.0,33.17,21620.0,20040.0,20466.92,21620.0,697.45,Nitrogen Fuel Block,4051,C-J6MT,2025-10-25 19:12:14,3190.0,14.754856614246068,0.0,90.33271832508971
18700.0,18800.0,19371.24,18700.0,916.21,16530.0,16360.0,16101.05,16530.0,1001.45,Hydrogen Fuel Block,4246,C-J6MT,2025-10-25 19:12:14,2170.0,13.127646702964308,0.0,305.78859799977283
25840.0,25880.0,26038.65,25840.0,283.14,24500.0,24030.0,22594.81,24500.0,2254.02,Helium Fuel Block,4247,C-J6MT,2025-10-25 19:12:14,1340.0,5.469387755102041,0.0,24.01388487243711
988.8,1070.0,1076.34,988.8,93.36,910.2,910.1,910.11,910.2,0.03,Oxygen Isotopes,17887,C-J6MT,2025-10-25 19:12:14,78.59999999999991,8.635464733025698,0.0,5.478929335797921
961.5,980.2,981.05,961.7,23.56,860.2,756.1,664.39,860.2,180.02,Nitrogen Isotopes,17888,C-J6MT,2025-10-25 19:12:14,101.29999999999995,11.776331085793995,0.0,5.323908338805229
710.0,736.9,758.08,710.0,64.26,669.0,668.0,635.73,669.0,86.91,Hydrogen Isotopes,17889,C-J6MT,2025-10-25 19:12:14,41.0,6.128550074738415,0.0,4.5879915722096305
1109.0,1300.0,1270.14,1110.0,94.98,1050.0,953.2,967.72,1050.0,36.57,Helium Isotopes,16274,C-J6MT,2025-10-25 19:12:14,59.0,5.6190476190476195,0.0,16.88391739693918
3880.0,3913.0,4075.09,3887.0,2395.62,3301.0,2617.0,2668.14,3301.0,361.83,Strontium Clathrates,16275,C-J6MT,2025-10-25 19:12:14,579.0,17.540139351711602,0.0,249.25067703017373
98.93,105.8,112.81,98.99,44.09,78.12,60.01,48.57,78.12,21.2,Liquid Ozone,16273,C-J6MT,2025-10-25 19:12:14,20.810000000000002,26.63850486431132,0.0,1.514627566983606
92490.0,93780.0,93771.38,92490.0,826.44,82310.0,82000.0,81945.81,82310.0,325.73,Robotics,9848,C-J6MT,2025-10-25 19:12:14,10180.0,12.367877536143848,0.0,1475.634326880026
12890.0,13000.0,13297.03,12890.0,699.94,12400.0,11210.0,11050.4,12360.0,1172.95,Mechanical Parts,3689,C-J6MT,2025-10-25 19:12:14,490.0,3.951612903225806,0.0,36.69695718539428
15820.0,15870.0,16095.11,15820.0,502.88,14250.0,14050.0,12914.08,14250.0,1697.61,Enriched Uranium,44,C-J6MT,2025-10-25 19:12:14,1570.0,11.017543859649123,0.0,62.20932405998333
15100.0,15740.0,15736.94,15100.0,441.67,12840.0,12520.0,11217.41,12840.0,1692.5,Coolant,9832,C-J6MT,2025-10-25 19:12:14,2260.0,17.601246105919003,0.0,702.9200997742679
500.0,510.0,557.78,500.0,109.43,426.2,0.03,0.06,424.8,100.98,Oxygen,3683,C-J6MT,2025-10-25 19:12:14,73.80000000000001,17.315814171750354,0.0,4.857022407470106
31.0,37.0,41.12,31.0,9.24,16.03,0.01,0.04,16.03,5.9,Heavy Water,16272,C-J6MT,2025-10-25 19:12:14,14.969999999999999,93.38739862757328,0.0,3.560571115237929
708.0,736.9,759.03,708.9,64.54,669.1,665.2,634.92,669.1,87.96,Hydrogen Isotopes,17889,C-J6MT,2025-10-27 02:03:34,38.89999999999998,5.813779704080104,-0.28169014084507005,4.463556130859485
23990.0,24840.0,24634.91,23990.0,377.81,22000.0,20040.0,20466.96,21620.0,697.48,Nitrogen Fuel Block,4051,C-J6MT,2025-10-27 02:03:34,1990.0,9.045454545454545,-3.3051189036678807,350.02040756831
19300.0,20920.0,20500.49,19300.0,638.93,16600.0,16400.0,16194.01,16600.0,919.89,Hydrogen Fuel Block,4246,C-J6MT,2025-10-27 02:03:34,2700.0,16.265060240963855,3.208556149732611,432.29729629151285
25830.0,25870.0,26069.68,25830.0,302.08,24500.0,24030.0,22594.81,24500.0,2254.02,Helium Fuel Block,4247,C-J6MT,2025-10-27 02:03:34,1330.0,5.428571428571429,-0.03869969040247723,24.976179127511383
1000.0,1070.0,1084.99,1002.0,93.49,910.3,910.1,910.14,910.3,0.08,Oxygen Isotopes,17887,C-J6MT,2025-10-27 02:03:34,89.70000000000005,9.85389432055367,1.1326860841424091,5.930911758382078
960.8,973.1,980.65,961.0,23.53,860.5,756.1,671.22,860.5,179.08,Nitrogen Isotopes,17888,C-J6MT,2025-10-27 02:03:34,100.29999999999995,11.656013945380588,-0.07280291211648748,5.228356748129781
1106.0,1300.0,1266.45,1106.0,97.07,1052.0,955.0,974.32,1052.0,41.81,Helium Isotopes,16274,C-J6MT,2025-10-27 02:03:34,54.0,5.133079847908745,-0.2705139765554532,16.466416038192886
23750.0,24000.0,24285.62,23750.0,668.1,22030.0,21710.0,21696.53,22030.0,552.72,Oxygen Fuel Block,4312,C-J6MT,2025-10-27 02:03:34,1720.0,7.807535179300953,-0.042087542087543284,33.52326839390127
32.0,39.99,41.12,32.0,6.69,16.07,0.01,0.04,16.06,6.0,Heavy Water,16272,C-J6MT,2025-10-27 02:03:34,15.93,99.12881144990665,3.2258064516129004,3.5045039048412576
103.0,115.0,124.0,104.9,54.41,78.51,60.01,48.57,78.5,21.22,Liquid Ozone,16273,C-J6MT,2025-10-27 02:03:34,24.489999999999995,31.193478537765877,4.1140200141514205,2.6340327582299703
90500.0,93000.0,93187.79,90500.0,1197.58,82300.0,81600.0,81834.78,82290.0,312.88,Robotics,9848,C-J6MT,2025-10-27 02:03:34,8200.0,9.963547995139733,-2.1515839550221627,1417.596893471819
12870.0,13000.0,13288.79,12870.0,696.18,12360.0,11210.0,11047.2,12360.0,1172.7,Mechanical Parts,3689,C-J6MT,2025-10-27 02:03:34,510.0,4.12621359223301,-0.15515903801396336,34.086724129853756
15800.0,15870.0,16077.05,15800.0,500.25,14260.0,14050.0,12879.51,14260.0,1711.46,Enriched Uranium,44,C-J6MT,2025-10-27 02:03:34,1540.0,10.799438990182328,-0.12642225031606058,57.07138387268067
14400.0,15740.0,15723.16,15080.0,450.4,12850.0,12520.0,11199.36,12850.0,1695.62,Coolant,9832,C-J6MT,2025-10-27 02:03:34,1550.0,12.062256809338521,-4.635761589403975,642.0539956524945
499.9,510.0,554.81,499.9,107.68,426.3,0.03,0.06,424.9,102.67,Oxygen,3683,C-J6MT,2025-10-27 02:03:34,73.59999999999997,17.26483696927046,-0.0200000000000089,4.434282032399065
3886.0,3913.0,4061.51,3886.0,2313.39,3361.0,2617.0,2677.53,3361.0,380.44,Strontium Clathrates,16275,C-J6MT,2025-10-27 02:03:34,525.0,15.620351085986314,0.1546391752577314,238.42738736902484
23750.0,24000.0,24285.62,23750.0,668.1,22030.0,21710.0,21696.53,22030.0,552.72,Oxygen Fuel Block,4312,C-J6MT,2025-10-27 22:33:02,1720.0,7.807535179300953,0.0,30.23715784073798
23990.0,24840.0,24634.91,23990.0,377.81,22000.0,20040.0,20466.96,21620.0,697.48,Nitrogen Fuel Block,4051,C-J6MT,2025-10-27 22:33:02,1990.0,9.045454545454545,0.0,434.94936760610796
19300.0,20920.0,20500.49,19300.0,638.93,16600.0,16400.0,16194.01,16600.0,919.89,Hydrogen Fuel Block,4246,C-J6MT,2025-10-27 22:33:02,2700.0,16.265060240963855,0.0,482.24178879182784
25830.0,25870.0,26069.68,25830.0,302.08,24500.0,24030.0,22594.81,24500.0,2254.02,Helium Fuel Block,4247,C-J6MT,2025-10-27 22:33:02,1330.0,5.428571428571429,0.0,21.93062655175228
1000.0,1070.0,1084.99,1002.0,93.49,910.3,910.1,910.14,910.3,0.08,Oxygen Isotopes,17887,C-J6MT,2025-10-27 22:33:02,89.70000000000005,9.85389432055367,0.0,6.193660353250655
960.8,973.1,980.65,961.0,23.53,860.5,756.1,671.22,860.5,179.08,Nitrogen Isotopes,17888,C-J6MT,2025-10-27 22:33:02,100.29999999999995,11.656013945380588,0.0,4.3137101476681705
708.0,736.9,759.03,708.9,64.54,669.1,665.2,634.92,669.1,87.96,Hydrogen Isotopes,17889,C-J6MT,2025-10-27 22:33:02,38.89999999999998,5.813779704080104,0.0,3.614323357605608
1106.0,1300.0,1266.45,1106.0,97.07,1052.0,955.0,974.32,1052.0,41.81,Helium Isotopes,16274,C-J6MT,2025-10-27 22:33:02,54.0,5.133079847908745,0.0,13.13301909220374
3886.0,3913.0,4061.51,3886.0,2313.39,3361.0,2617.0,2677.53,3361.0,380.44,Strontium Clathrates,16275,C-J6MT,2025-10-27 22:33:02,525.0,15.620351085986314,0.0,187.59391298887115
32.0,39.99,41.12,32.0,6.69,16.07,0.01,0.04,16.06,6.0,Heavy Water,16272,C-J6MT,2025-10-27 22:33:02,15.93,99.12881144990665,0.0,2.812747343621112
103.0,115.0,124.0,104.9,54.41,78.51,60.01,48.57,78.5,21.22,Liquid Ozone,16273,C-J6MT,2025-10-27 22:33:02,24.489999999999995,31.193478537765877,0.0,3.075449638051401
90500.0,93000.0,93187.79,90500.0,1197.58,82300.0,81600.0,81834.78,82290.0,312.88,Robotics,9848,C-J6MT,2025-10-27 22:33:02,8200.0,9.963547995139733,0.0,1292.4763975002556
12870.0,13000.0,13288.79,12870.0,696.18,12360.0,11210.0,11047.2,12360.0,1172.7,Mechanical Parts,3689,C-J6MT,2025-10-27 22:33:02,510.0,4.12621359223301,0.0,34.36498771936879
15800.0,15870.0,16077.05,15800.0,500.25,14260.0,14050.0,12879.51,14260.0,1711.46,Enriched Uranium,44,C-J6MT,2025-10-27 22:33:02,1540.0,10.799438990182328,0.0,51.22313465427074
14400.0,15740.0,15723.16,15080.0,450.4,12850.0,12520.0,11199.36,12850.0,1695.62,Coolant,9832,C-J6MT,2025-10-27 22:33:02,1550.0,12.062256809338521,0.0,581.7993435803071
499.9,510.0,554.81,499.9,107.68,426.3,0.03,0.06,424.9,102.67,Oxygen,3683,C-J6MT,2025-10-27 22:33:02,73.59999999999997,17.26483696927046,0.0,4.012836545743805
23750.0,24000.0,24285.62,23750.0,668.1,22030.0,21710.0,21696.53,22030.0,552.72,Oxygen Fuel Block,4312,C-J6MT,2025-10-29 12:03:38,1720.0,7.807535179300953,0.0,25.071326821119357
23990.0,24840.0,24634.91,23990.0,377.81,22000.0,20040.0,20466.96,21620.0,697.48,Nitrogen Fuel Block,4051,C-J6MT,2025-10-29 12:03:38,1990.0,9.045454545454545,0.0,456.3206892401149
19300.0,20920.0,20500.49,19300.0,638.93,16600.0,16400.0,16194.01,16600.0,919.89,Hydrogen Fuel Block,4246,C-J6MT,2025-10-29 12:03:38,2700.0,16.265060240963855,0.0,470.80478210946615
25830.0,25870.0,26069.68,25830.0,302.08,24500.0,24030.0,22594.81,24500.0,2254.02,Helium Fuel Block,4247,C-J6MT,2025-10-29 12:03:38,1330.0,5.428571428571429,0.0,17.728105208560528
1000.0,1070.0,1084.99,1002.0,93.49,910.3,910.1,910.14,910.3,0.08,Oxygen Isotopes,17887,C-J6MT,2025-10-29 12:03:38,89.70000000000005,9.85389432055367,0.0,6.437390775772474
960.8,973.1,980.65,961.0,23.53,860.5,756.1,671.22,860.5,179.08,Nitrogen Isotopes,17888,C-J6MT,2025-10-29 12:03:38,100.29999999999995,11.656013945380588,0.0,1.863560340546372
708.0,736.9,759.03,708.9,64.54,669.1,665.2,634.92,669.1,87.96,Hydrogen Isotopes,17889,C-J6MT,2025-10-29 12:03:38,38.89999999999998,5.813779704080104,0.0,1.2767145334805206
1106.0,1300.0,1266.45,1106.0,97.07,1052.0,955.0,974.32,1052.0,41.81,Helium Isotopes,16274,C-J6MT,2025-10-29 12:03:38,54.0,5.133079847908745,0.0,2.9358214555798106
3886.0,3913.0,4061.51,3886.0,2313.39,3361.0,2617.0,2677.53,3361.0,380.44,Strontium Clathrates,16275,C-J6MT,2025-10-29 12:03:38,525.0,15.620351085986314,0.0,35.984785144623935
32.0,39.99,41.12,32.0,6.69,16.07,0.01,0.04,16.06,6.0,Heavy Water,16272,C-J6MT,2025-10-29 12:03:38,15.93,99.12881144990665,0.0,0.6750661343263268
103.0,115.0,124.0,104.9,54.41,78.51,60.01,48.57,78.5,21.22,Liquid Ozone,16273,C-J6MT,2025-10-29 12:03:38,24.489999999999995,31.193478537765877,0.0,3.10250436475654
90500.0,93000.0,93187.79,90500.0,1197.58,82300.0,81600.0,81834.78,82290.0,312.88,Robotics,9848,C-J6MT,2025-10-29 12:03:38,8200.0,9.963547995139733,0.0,1143.1202078188503
12870.0,13000.0,13288.79,12870.0,696.18,12360.0,11210.0,11047.2,12360.0,1172.7,Mechanical Parts,3689,C-J6MT,2025-10-29 12:03:38,510.0,4.12621359223301,0.0,34.36498771936879
15800.0,15870.0,16077.05,15800.0,500.25,14260.0,14050.0,12879.51,14260.0,1711.46,Enriched Uranium,44,C-J6MT,2025-10-29 12:03:38,1540.0,10.799438990182328,0.0,41.91828786034682
14400.0,15740.0,15723.16,15080.0,450.4,12850.0,12520.0,11199.36,12850.0,1695.62,Coolant,9832,C-J6MT,2025-10-29 12:03:38,1550.0,12.062256809338521,0.0,498.72695077424015
499.9,510.0,554.81,499.9,107.68,426.3,0.03,0.06,424.9,102.67,Oxygen,3683,C-J6MT,2025-10-29 12:03:38,73.59999999999997,17.26483696927046,0.0,3.4209438964790038
23750.0,24000.0,24285.62,23750.0,668.1,22030.0,21710.0,21696.53,22030.0,552.72,Oxygen Fuel Block,4312,C-J6MT,2025-10-29 19:39:40,1720.0,7.807535179300953,0.0,5.345224838249593
23990.0,24840.0,24634.91,23990.0,377.81,22000.0,20040.0,20466.96,21620.0,697.48,Nitrogen Fuel Block,4051,C-J6MT,2025-10-29 19:39:40,1990.0,9.045454545454545,0.0,438.30843673637975
19300.0,20920.0,20500.49,19300.0,638.93,16600.0,16400.0,16194.01,16600.0,919.89,Hydrogen Fuel Block,4246,C-J6MT,2025-10-29 19:39:40,2700.0,16.265060240963855,0.0,320.71349029490824
25830.0,25870.0,26069.68,25830.0,302.08,24500.0,24030.0,22594.81,24500.0,2254.02,Helium Fuel Block,4247,C-J6MT,2025-10-29 19:39:40,1330.0,5.428571428571429,0.0,5.345224838256349
1000.0,1070.0,1084.99,1002.0,93.49,910.3,910.1,910.14,910.3,0.08,Oxygen Isotopes,17887,C-J6MT,2025-10-29 19:39:40,89.70000000000005,9.85389432055367,0.0,5.9866518188383875
960.8,973.1,980.65,961.0,23.53,860.5,756.1,671.22,860.5,179.08,Nitrogen Isotopes,17888,C-J6MT,2025-10-29 19:39:40,100.29999999999995,11.656013945380588,0.0,0.3933978962347005
708.0,736.9,759.03,708.9,64.54,669.1,665.2,634.92,669.1,87.96,Hydrogen Isotopes,17889,C-J6MT,2025-10-29 19:39:40,38.89999999999998,5.813779704080104,0.0,1.069044967649865
1106.0,1300.0,1266.45,1106.0,97.07,1052.0,955.0,974.32,1052.0,41.81,Helium Isotopes,16274,C-J6MT,2025-10-29 19:39:40,54.0,5.133079847908745,0.0,1.8126539343484975
32.0,39.99,41.12,32.0,6.69,16.07,0.01,0.04,16.06,6.0,Heavy Water,16272,C-J6MT,2025-10-29 19:39:40,15.93,99.12881144990665,0.0,0.5345224838248548
103.0,115.0,124.0,104.9,54.41,78.51,60.01,48.57,78.5,21.22,Liquid Ozone,16273,C-J6MT,2025-10-29 19:39:40,24.489999999999995,31.193478537765877,0.0,2.602776905354683
90500.0,93000.0,93187.79,90500.0,1197.58,82300.0,81600.0,81834.78,82290.0,312.88,Robotics,9848,C-J6MT,2025-10-29 19:39:40,8200.0,9.963547995139733,0.0,1061.9232328096748
12870.0,13000.0,13288.79,12870.0,696.18,12360.0,11210.0,11047.2,12360.0,1172.7,Mechanical Parts,3689,C-J6MT,2025-10-29 19:39:40,510.0,4.12621359223301,0.0,34.086724129853756
15800.0,15870.0,16077.05,15800.0,500.25,14260.0,14050.0,12879.51,14260.0,1711.46,Enriched Uranium,44,C-J6MT,2025-10-29 19:39:40,1540.0,10.799438990182328,0.0,9.511897312114941
14400.0,15740.0,15723.16,15080.0,450.4,12850.0,12520.0,11199.36,12850.0,1695.62,Coolant,9832,C-J6MT,2025-10-29 19:39:40,1550.0,12.062256809338521,0.0,374.16573867739396
499.9,510.0,554.81,499.9,107.68,426.3,0.03,0.06,424.9,102.67,Oxygen,3683,C-J6MT,2025-10-29 19:39:40,73.59999999999997,17.26483696927046,0.0,0.05345224838187454
3886.0,3913.0,4061.51,3886.0,2313.39,3361.0,2617.0,2677.53,3361.0,380.44,Strontium Clathrates,16275,C-J6MT,2025-10-29 19:39:40,525.0,15.620351085986314,0.0,3.4016802570817037
768.9,780.0,804.64,768.9,76.44,695.1,688.2,652.04,695.1,87.27,Hydrogen Isotopes,17889,C-J6MT,2025-11-02 17:04:33,73.79999999999995,10.61717738454898,8.601694915254242,22.78557396583154
24490.0,24890.0,24962.35,24490.0,415.4,20040.0,20040.0,20040.0,20040.0,0.0,Nitrogen Fuel Block,4051,C-J6MT,2025-11-02 17:04:33,4450.0,22.205588822355292,2.0842017507294752,395.9316920403172
19130.0,19840.0,20075.72,19130.0,820.67,16320.0,16260.0,15947.65,16320.0,1017.11,Hydrogen Fuel Block,4246,C-J6MT,2025-11-02 17:04:33,2810.0,17.21813725490196,-0.8808290155440379,283.0699055508566
25000.0,25680.0,25565.11,25000.0,257.69,17300.0,17090.0,17103.56,17300.0,42.22,Helium Fuel Block,4247,C-J6MT,2025-11-02 17:04:33,7700.0,44.50867052023121,-3.213317847464192,315.00566888323027
25450.0,25490.0,25638.59,25460.0,200.94,21710.0,19530.0,19825.68,21710.0,497.07,Oxygen Fuel Block,4312,C-J6MT,2025-11-02 17:04:33,3740.0,17.227084292952558,7.157894736842096,641.29704877062
1017.0,1073.0,1121.72,1017.0,94.65,915.0,910.1,633.49,915.0,273.03,Oxygen Isotopes,17887,C-J6MT,2025-11-02 17:04:33,102.0,11.147540983606557,1.6999999999999904,9.44911182523074
917.3,960.7,963.4,917.3,35.02,873.7,756.1,689.42,873.7,177.27,Nitrogen Isotopes,17888,C-J6MT,2025-11-02 17:04:33,43.59999999999991,4.990271260157939,-4.5274771024146565,16.53293970345543
1189.0,1300.0,1274.36,1189.0,74.22,936.3,936.1,935.93,936.3,0.61,Helium Isotopes,16274,C-J6MT,2025-11-02 17:04:33,252.70000000000005,26.989212859126354,7.504520795660041,31.025335269283108
13200.0,13200.0,13203.78,13200.0,4.85,12440.0,10930.0,10661.62,12430.0,1296.83,Mechanical Parts,3689,C-J6MT,2025-11-02 17:04:33,760.0,6.109324758842444,2.564102564102555,122.57165057144962
31.99,39.99,41.04,32.0,7.17,23.14,21.01,18.79,23.14,3.74,Heavy Water,16272,C-J6MT,2025-11-02 17:04:33,8.849999999999998,38.24546240276576,-0.031250000000004885,0.48698782618988523
107.0,115.0,129.55,107.0,59.76,83.01,60.01,47.32,83.0,23.23,Liquid Ozone,16273,C-J6MT,2025-11-02 17:04:33,23.989999999999995,28.900132514154915,3.8834951456310662,2.7893035485071187
89990.0,92200.0,92353.17,90000.0,1485.86,84590.0,84440.0,84187.35,84590.0,552.13,Robotics,9848,C-J6MT,2025-11-02 17:04:33,5400.0,6.383733301808725,-0.5635359116022087,1037.6392620247325
14850.0,15850.0,15767.86,14850.0,576.33,12910.0,12860.0,12355.38,12910.0,1170.46,Enriched Uranium,44,C-J6MT,2025-11-02 17:04:33,1940.0,15.027110766847404,-6.0126582278481,361.70890690351166
14960.0,15500.0,15599.74,14960.0,508.17,11930.0,11540.0,10328.45,11930.0,1458.29,Coolant,9832,C-J6MT,2025-11-02 17:04:33,3030.0,25.39815590947192,3.8888888888888973,352.3256069793015
458.0,470.0,499.69,458.0,92.99,431.0,388.4,394.47,431.0,33.29,Oxygen,3683,C-J6MT,2025-11-02 17:04:33,27.0,6.2645011600928076,-8.381676335267052,15.849380339396795
3900.0,3967.0,4387.16,3900.0,3816.47,3541.0,2955.0,2888.96,3540.0,522.19,Strontium Clathrates,16275,C-J6MT,2025-11-02 17:04:33,359.0,10.138378988986162,0.3602676273803507,6.676183683169574
25470.0,25480.0,25639.6,25470.0,206.79,21720.0,21720.0,20999.85,21720.0,887.93,Oxygen Fuel Block,4312,C-J6MT,2025-11-03 19:05:23,3750.0,17.265193370165747,0.07858546168959535,833.4466589610503
24430.0,24470.0,24766.32,24430.0,449.78,20050.0,20040.0,20042.78,20050.0,4.48,Nitrogen Fuel Block,4051,C-J6MT,2025-11-03 19:05:23,4380.0,21.845386533665838,-0.24499795835034588,335.0337580716656
19000.0,19140.0,19622.07,19000.0,838.23,16360.0,16260.0,16241.98,16360.0,151.37,Hydrogen Fuel Block,4246,C-J6MT,2025-11-03 19:05:23,2640.0,16.13691931540342,-0.6795608991113422,229.25344677265466
25620.0,25650.0,25644.88,25620.0,8.34,17310.0,17310.0,17269.78,17310.0,49.0,Helium Fuel Block,4247,C-J6MT,2025-11-03 19:05:23,8310.0,48.00693240901213,2.4799999999999933,311.3258895816558
1069.0,1145.0,1149.46,1069.0,89.21,915.1,910.1,665.05,915.1,264.74,Oxygen Isotopes,17887,C-J6MT,2025-11-03 19:05:23,153.89999999999998,16.817834116489998,5.1130776794493515,27.006630579139184
916.2,965.7,964.1,916.5,35.14,873.7,756.1,684.36,873.7,178.05,Nitrogen Isotopes,17888,C-J6MT,2025-11-03 19:05:23,42.5,4.864369921025523,-0.11991714815217103,21.56636490552106
814.6,842.2,843.99,814.7,95.32,700.4,688.2,659.57,700.4,86.27,Hydrogen Isotopes,17889,C-J6MT,2025-11-03 19:05:23,114.20000000000005,16.304968589377506,5.943555728963457,42.763006932449926
1162.0,1300.0,1261.09,1163.0,83.84,936.5,936.1,935.97,936.5,0.6,Helium Isotopes,16274,C-J6MT,2025-11-03 19:05:23,225.5,24.07901761879338,-2.270815811606397,34.52880095280006
39.99,39.99,43.2,39.99,7.24,28.02,21.01,19.15,28.0,4.45,Heavy Water,16272,C-J6MT,2025-11-03 19:05:23,11.970000000000002,42.71948608137046,25.00781494216944,3.1059121810171155
117.4,117.6,147.53,117.4,73.85,83.02,60.01,47.31,83.01,23.22,Liquid Ozone,16273,C-J6MT,2025-11-03 19:05:23,34.38000000000001,41.411708022163346,9.719626168224305,5.924375394041472
89960.0,92180.0,91806.72,89960.0,1669.18,83390.0,80000.0,81387.84,83390.0,1602.35,Robotics,9848,C-J6MT,2025-11-03 19:05:23,6570.0,7.878642523084303,-0.03333703744861083,854.9436071628104
14990.0,14990.0,14993.44,14990.0,4.75,12440.0,10930.0,10557.94,12440.0,1265.51,Mechanical Parts,3689,C-J6MT,2025-11-03 19:05:23,2550.0,20.4983922829582,13.560606060606052,788.6848607167564
15830.0,15870.0,16071.31,15850.0,474.79,12920.0,12860.0,12362.26,12920.0,1167.48,Enriched Uranium,44,C-J6MT,2025-11-03 19:05:23,2910.0,22.523219814241486,6.599326599326605,362.41912069814833
13000.0,15500.0,15445.28,13000.0,805.11,11970.0,9310.0,10192.25,11970.0,1457.24,Coolant,9832,C-J6MT,2025-11-03 19:05:23,1030.0,8.60484544695071,-13.101604278074863,678.3312858281956
469.0,510.0,519.39,469.0,106.71,431.3,388.4,394.56,431.3,33.58,Oxygen,3683,C-J6MT,2025-11-03 19:05:23,37.69999999999999,8.741015534430788,2.4017467248908186,18.05264787332031
4547.0,4547.0,5062.92,4547.0,4592.13,3700.0,3500.0,2981.12,3562.0,575.27,Strontium Clathrates,16275,C-J6MT,2025-11-03 19:05:23,847.0,22.89189189189189,16.589743589743588,249.4045289236326
813.8,814.0,881.78,813.8,180.97,700.8,693.0,651.48,700.8,97.08,Hydrogen Isotopes,17889,C-J6MT,2025-11-04 23:05:20,113.0,16.124429223744293,-0.09820770930518696,50.98299903375816
25500.0,26500.0,26325.09,25500.0,300.32,20100.0,20040.0,19452.12,20100.0,1184.37,Nitrogen Fuel Block,4051,C-J6MT,2025-11-04 23:05:20,5400.0,26.865671641791046,4.379860826852222,557.7036249956932
19240.0,19840.0,20056.31,19240.0,792.4,16510.0,16450.0,16383.57,16510.0,164.93,Hydrogen Fuel Block,4246,C-J6MT,2025-11-04 23:05:20,2730.0,16.535433070866144,1.2631578947368327,117.16898663286004
25570.0,25570.0,25582.63,25570.0,24.19,17360.0,17310.0,17315.72,17360.0,34.3,Helium Fuel Block,4247,C-J6MT,2025-11-04 23:05:20,8210.0,47.2926267281106,-0.1951600312256052,305.2789512810173
1066.0,1145.0,1149.58,1066.0,89.29,921.0,916.0,765.17,921.0,221.04,Oxygen Isotopes,17887,C-J6MT,2025-11-04 23:05:20,145.0,15.743756786102061,-0.280636108512633,31.899395426425052
26000.0,26500.0,26364.87,26000.0,206.87,21760.0,21730.0,21161.3,21760.0,906.06,Oxygen Fuel Block,4312,C-J6MT,2025-11-04 23:05:20,4240.0,19.485294117647058,2.0808794660384766,1026.1741242758656
909.3,961.2,962.18,909.3,37.47,873.3,756.1,677.27,873.3,178.93,Nitrogen Isotopes,17888,C-J6MT,2025-11-04 23:05:20,36.0,4.1222947440742015,-0.7531106745252258,24.99879044692998
1157.0,1300.0,1265.9,1157.0,83.48,936.9,936.4,936.3,936.9,0.43,Helium Isotopes,16274,C-J6MT,2025-11-04 23:05:20,220.10000000000002,23.492368449140784,-0.43029259896729677,35.28185828169361
89850.0,92000.0,91661.1,89850.0,1670.8,83530.0,83480.0,83421.32,83530.0,326.46,Robotics,9848,C-J6MT,2025-11-04 23:05:20,6320.0,7.566143900395067,-0.12227656736327752,305.87112131930274
39.96,39.99,51.16,39.97,29.02,23.13,21.01,18.33,23.13,3.71,Heavy Water,16272,C-J6MT,2025-11-04 23:05:20,16.830000000000002,72.7626459143969,-0.07501875468867159,3.8923887879026813
116.9,117.3,123.7,117.0,26.04,83.12,60.01,47.42,83.09,23.32,Liquid Ozone,16273,C-J6MT,2025-11-04 23:05:20,33.78,40.6400384985563,-0.4258943781942026,6.677431784608181
14950.0,14970.0,14972.47,14950.0,14.83,12490.0,10930.0,10718.69,12480.0,1323.44,Mechanical Parts,3689,C-J6MT,2025-11-04 23:05:20,2460.0,19.695756605284227,-0.26684456304202353,999.8452261177606
15000.0,15850.0,15887.84,15000.0,584.11,13700.0,12860.0,12394.22,13700.0,1156.87,Enriched Uranium,44,C-J6MT,2025-11-04 23:05:20,1300.0,9.48905109489051,-5.243209096651924,432.19814679755154
15010.0,15740.0,15633.38,15010.0,500.19,12010.0,11540.0,10319.88,12000.0,1482.2,Coolant,9832,C-J6MT,2025-11-04 23:05:20,3000.0,24.979184013322232,15.46153846153846,663.0916046750073
497.0,510.0,542.18,497.0,117.74,431.2,388.2,390.59,431.2,33.14,Oxygen,3683,C-J6MT,2025-11-04 23:05:20,65.80000000000001,15.259740259740262,5.970149253731338,17.79601346476498
4561.0,5750.0,6155.43,4561.0,4693.54,4560.0,3029.0,2885.14,4560.0,625.27,Strontium Clathrates,16275,C-J6MT,2025-11-04 23:05:20,1.0,0.021929824561403508,0.3078953155926989,324.64977466567916
22760.0,22840.0,23186.58,22760.0,551.86,16720.0,16570.0,16534.93,16720.0,201.15,Hydrogen Fuel Block,4246,C-J6MT,2025-11-07 14:59:05,6040.0,36.124401913875595,18.295218295218298,1345.838382712038
25260.0,25570.0,25463.67,25260.0,142.69,17400.0,17370.0,17346.15,17400.0,49.01,Helium Fuel Block,4247,C-J6MT,2025-11-07 14:59:05,7860.0,45.17241379310345,-1.2123582323034787,322.99196510719736
1689.0,1713.0,1730.06,1689.0,58.31,1080.0,920.3,752.14,1080.0,252.06,Oxygen Isotopes,17887,C-J6MT,2025-11-07 14:59:05,609.0,56.388888888888886,58.44277673545966,252.6812409416447
980.9,987.2,994.86,980.9,16.56,875.1,756.1,675.78,873.2,179.1,Nitrogen Isotopes,17888,C-J6MT,2025-11-07 14:59:05,105.79999999999995,12.090046851788362,7.8741889365445905,28.570480936665643
795.0,1040.0,990.71,795.0,117.77,705.0,695.3,654.14,705.0,98.95,Hydrogen Isotopes,17889,C-J6MT,2025-11-07 14:59:05,90.0,12.76595744680851,-2.3101499139837722,50.48077899180084
1384.0,1393.0,1393.55,1384.0,5.51,1100.0,937.1,939.91,1100.0,17.28,Helium Isotopes,16274,C-J6MT,2025-11-07 14:59:05,284.0,25.818181818181817,19.619706136560076,98.84403298703883
4990.0,4999.0,5368.46,4990.0,2188.45,3601.0,3030.0,2880.13,3601.0,586.91,Strontium Clathrates,16275,C-J6MT,2025-11-07 14:59:05,1389.0,38.57261871702305,9.405832054374041,456.6646680526305
89800.0,91480.0,91433.82,89800.0,1640.5,84040.0,83550.0,83499.34,84040.0,387.58,Robotics,9848,C-J6MT,2025-11-07 14:59:05,5760.0,6.853879105188006,-0.05564830272676291,326.9410897860037
85.0,117.3,121.71,113.7,23.82,83.25,28.4,43.31,83.25,24.8,Liquid Ozone,16273,C-J6MT,2025-11-07 14:59:05,1.75,2.1021021021021022,-27.28828058169376,10.888504204413207
14970.0,14980.0,14979.27,14970.0,3.8,12680.0,10930.0,10891.09,12670.0,1394.3,Mechanical Parts,3689,C-J6MT,2025-11-07 14:59:05,2290.0,18.05993690851735,0.13377926421405117,1084.7536476963217
15400.0,17000.0,16794.2,15400.0,744.48,12960.0,12860.0,12573.74,12960.0,834.01,Enriched Uranium,44,C-J6MT,2025-11-07 14:59:05,2440.0,18.82716049382716,2.6666666666666616,420.5834949097217
15200.0,15760.0,15837.02,15300.0,438.6,12180.0,11990.0,10820.86,12180.0,1470.89,Coolant,9832,C-J6MT,2025-11-07 14:59:05,3020.0,24.794745484400657,1.2658227848101333,734.7659167251516
490.0,490.0,619.7,490.0,182.03,470.0,388.4,396.35,470.0,37.98,Oxygen,3683,C-J6MT,2025-11-07 14:59:05,20.0,4.25531914893617,-1.4084507042253502,17.17592445699452
25360.0,25450.0,25516.96,25360.0,125.7,20110.0,20040.0,20060.49,20110.0,30.97,Nitrogen Fuel Block,4051,C-J6MT,2025-11-07 14:59:05,5250.0,26.10641471904525,-0.5490196078431375,647.5558442548211
32.99,39.99,50.6,39.95,28.58,23.13,16.14,17.6,23.13,3.49,Heavy Water,16272,C-J6MT,2025-11-07 14:59:05,9.860000000000003,42.62862083873758,-17.44244244244244,3.8130365352364044
24440.0,25490.0,25539.39,24440.0,247.8,21730.0,21730.0,21006.52,21730.0,964.62,Oxygen Fuel Block,4312,C-J6MT,2025-11-07 14:59:05,2710.0,12.471237919926368,-6.000000000000005,966.8234683992866
